seqnames	start	end	chromatin
ch00	1	100000	Heterochromatin
ch00	100001	200000	Heterochromatin
ch00	200001	300000	Heterochromatin
ch00	300001	400000	Heterochromatin
ch00	400001	500000	Heterochromatin
ch00	500001	600000	Heterochromatin
ch00	600001	700000	Heterochromatin
ch00	700001	800000	Heterochromatin
ch00	800001	900000	Heterochromatin
ch00	900001	1000000	Heterochromatin
ch00	1000001	1100000	Heterochromatin
ch00	1100001	1200000	Heterochromatin
ch00	1200001	1300000	Heterochromatin
ch00	1300001	1400000	Heterochromatin
ch00	1400001	1500000	Heterochromatin
ch00	1500001	1600000	Heterochromatin
ch00	1600001	1700000	Heterochromatin
ch00	1700001	1800000	Heterochromatin
ch00	1800001	1900000	Heterochromatin
ch00	1900001	2000000	Heterochromatin
ch00	2000001	2100000	Heterochromatin
ch00	2100001	2200000	Heterochromatin
ch00	2200001	2300000	Heterochromatin
ch00	2300001	2400000	Heterochromatin
ch00	2400001	2500000	Heterochromatin
ch00	2500001	2600000	Heterochromatin
ch00	2600001	2700000	Heterochromatin
ch00	2700001	2800000	Heterochromatin
ch00	2800001	2900000	Heterochromatin
ch00	2900001	3000000	Heterochromatin
ch00	3000001	3100000	Heterochromatin
ch00	3100001	3200000	Heterochromatin
ch00	3200001	3300000	Heterochromatin
ch00	3300001	3400000	Heterochromatin
ch00	3400001	3500000	Heterochromatin
ch00	3500001	3600000	Heterochromatin
ch00	3600001	3700000	Heterochromatin
ch00	3700001	3800000	Heterochromatin
ch00	3800001	3900000	Heterochromatin
ch00	3900001	4000000	Heterochromatin
ch00	4000001	4100000	Heterochromatin
ch00	4100001	4200000	Heterochromatin
ch00	4200001	4300000	Heterochromatin
ch00	4300001	4400000	Heterochromatin
ch00	4400001	4500000	Heterochromatin
ch00	4500001	4600000	Heterochromatin
ch00	4600001	4700000	Heterochromatin
ch00	4700001	4800000	Heterochromatin
ch00	4800001	4900000	Heterochromatin
ch00	4900001	5000000	Heterochromatin
ch00	5000001	5100000	Heterochromatin
ch00	5100001	5200000	Heterochromatin
ch00	5200001	5300000	Heterochromatin
ch00	5300001	5400000	Heterochromatin
ch00	5400001	5500000	Heterochromatin
ch00	5500001	5600000	Heterochromatin
ch00	5600001	5700000	Heterochromatin
ch00	5700001	5800000	Heterochromatin
ch00	5800001	5900000	Heterochromatin
ch00	5900001	6000000	Heterochromatin
ch00	6000001	6100000	Heterochromatin
ch00	6100001	6200000	Heterochromatin
ch00	6200001	6300000	Heterochromatin
ch00	6300001	6400000	Heterochromatin
ch00	6400001	6500000	Heterochromatin
ch00	6500001	6600000	Heterochromatin
ch00	6600001	6700000	Heterochromatin
ch00	6700001	6800000	Heterochromatin
ch00	6800001	6900000	Heterochromatin
ch00	6900001	7000000	Heterochromatin
ch00	7000001	7100000	Heterochromatin
ch00	7100001	7200000	Heterochromatin
ch00	7200001	7300000	Heterochromatin
ch00	7300001	7400000	Heterochromatin
ch00	7400001	7500000	Heterochromatin
ch00	7500001	7600000	Heterochromatin
ch00	7600001	7700000	Heterochromatin
ch00	7700001	7800000	Heterochromatin
ch00	7800001	7900000	Heterochromatin
ch00	7900001	8000000	Heterochromatin
ch00	8000001	8100000	Heterochromatin
ch00	8100001	8200000	Heterochromatin
ch00	8200001	8300000	Heterochromatin
ch00	8300001	8400000	Heterochromatin
ch00	8400001	8500000	Heterochromatin
ch00	8500001	8600000	Heterochromatin
ch00	8600001	8700000	Heterochromatin
ch00	8700001	8800000	Heterochromatin
ch00	8800001	8900000	Heterochromatin
ch00	8900001	9000000	Heterochromatin
ch00	9000001	9100000	Heterochromatin
ch00	9100001	9200000	Heterochromatin
ch00	9200001	9300000	Heterochromatin
ch00	9300001	9400000	Heterochromatin
ch00	9400001	9500000	Heterochromatin
ch00	9500001	9600000	Heterochromatin
ch00	9600001	9643250	Heterochromatin
ch01	1	100000	Euchromatin
ch01	100001	200000	Euchromatin
ch01	200001	300000	Euchromatin
ch01	300001	400000	Euchromatin
ch01	400001	500000	Euchromatin
ch01	500001	600000	Euchromatin
ch01	600001	700000	Euchromatin
ch01	700001	800000	Euchromatin
ch01	800001	900000	Euchromatin
ch01	900001	1000000	Euchromatin
ch01	1000001	1100000	Euchromatin
ch01	1100001	1200000	Euchromatin
ch01	1200001	1300000	Euchromatin
ch01	1300001	1400000	Euchromatin
ch01	1400001	1500000	Euchromatin
ch01	1500001	1600000	Euchromatin
ch01	1600001	1700000	Euchromatin
ch01	1700001	1800000	Euchromatin
ch01	1800001	1900000	Euchromatin
ch01	1900001	2000000	Euchromatin
ch01	2000001	2100000	Euchromatin
ch01	2100001	2200000	Euchromatin
ch01	2200001	2300000	Euchromatin
ch01	2300001	2400000	Euchromatin
ch01	2400001	2500000	Euchromatin
ch01	2500001	2600000	Euchromatin
ch01	2600001	2700000	Euchromatin
ch01	2700001	2800000	Euchromatin
ch01	2800001	2900000	Euchromatin
ch01	2900001	3000000	Euchromatin
ch01	3000001	3100000	Euchromatin
ch01	3100001	3200000	Euchromatin
ch01	3200001	3300000	Euchromatin
ch01	3300001	3400000	Heterochromatin
ch01	3400001	3500000	Heterochromatin
ch01	3500001	3600000	Heterochromatin
ch01	3600001	3700000	Heterochromatin
ch01	3700001	3800000	Heterochromatin
ch01	3800001	3900000	Heterochromatin
ch01	3900001	4000000	Heterochromatin
ch01	4000001	4100000	Heterochromatin
ch01	4100001	4200000	Heterochromatin
ch01	4200001	4300000	Heterochromatin
ch01	4300001	4400000	Heterochromatin
ch01	4400001	4500000	Heterochromatin
ch01	4500001	4600000	Heterochromatin
ch01	4600001	4700000	Heterochromatin
ch01	4700001	4800000	Heterochromatin
ch01	4800001	4900000	Heterochromatin
ch01	4900001	5000000	Heterochromatin
ch01	5000001	5100000	Heterochromatin
ch01	5100001	5200000	Heterochromatin
ch01	5200001	5300000	Heterochromatin
ch01	5300001	5400000	Heterochromatin
ch01	5400001	5500000	Heterochromatin
ch01	5500001	5600000	Heterochromatin
ch01	5600001	5700000	Heterochromatin
ch01	5700001	5800000	Heterochromatin
ch01	5800001	5900000	Heterochromatin
ch01	5900001	6000000	Heterochromatin
ch01	6000001	6100000	Heterochromatin
ch01	6100001	6200000	Heterochromatin
ch01	6200001	6300000	Heterochromatin
ch01	6300001	6400000	Heterochromatin
ch01	6400001	6500000	Heterochromatin
ch01	6500001	6600000	Heterochromatin
ch01	6600001	6700000	Heterochromatin
ch01	6700001	6800000	Heterochromatin
ch01	6800001	6900000	Heterochromatin
ch01	6900001	7000000	Heterochromatin
ch01	7000001	7100000	Heterochromatin
ch01	7100001	7200000	Heterochromatin
ch01	7200001	7300000	Heterochromatin
ch01	7300001	7400000	Heterochromatin
ch01	7400001	7500000	Heterochromatin
ch01	7500001	7600000	Heterochromatin
ch01	7600001	7700000	Heterochromatin
ch01	7700001	7800000	Heterochromatin
ch01	7800001	7900000	Heterochromatin
ch01	7900001	8000000	Heterochromatin
ch01	8000001	8100000	Heterochromatin
ch01	8100001	8200000	Heterochromatin
ch01	8200001	8300000	Heterochromatin
ch01	8300001	8400000	Heterochromatin
ch01	8400001	8500000	Heterochromatin
ch01	8500001	8600000	Heterochromatin
ch01	8600001	8700000	Heterochromatin
ch01	8700001	8800000	Heterochromatin
ch01	8800001	8900000	Heterochromatin
ch01	8900001	9000000	Heterochromatin
ch01	9000001	9100000	Heterochromatin
ch01	9100001	9200000	Heterochromatin
ch01	9200001	9300000	Heterochromatin
ch01	9300001	9400000	Heterochromatin
ch01	9400001	9500000	Heterochromatin
ch01	9500001	9600000	Heterochromatin
ch01	9600001	9700000	Heterochromatin
ch01	9700001	9800000	Heterochromatin
ch01	9800001	9900000	Heterochromatin
ch01	9900001	10000000	Heterochromatin
ch01	10000001	10100000	Heterochromatin
ch01	10100001	10200000	Heterochromatin
ch01	10200001	10300000	Heterochromatin
ch01	10300001	10400000	Heterochromatin
ch01	10400001	10500000	Heterochromatin
ch01	10500001	10600000	Heterochromatin
ch01	10600001	10700000	Heterochromatin
ch01	10700001	10800000	Heterochromatin
ch01	10800001	10900000	Heterochromatin
ch01	10900001	11000000	Heterochromatin
ch01	11000001	11100000	Heterochromatin
ch01	11100001	11200000	Heterochromatin
ch01	11200001	11300000	Heterochromatin
ch01	11300001	11400000	Heterochromatin
ch01	11400001	11500000	Heterochromatin
ch01	11500001	11600000	Heterochromatin
ch01	11600001	11700000	Heterochromatin
ch01	11700001	11800000	Heterochromatin
ch01	11800001	11900000	Heterochromatin
ch01	11900001	12000000	Heterochromatin
ch01	12000001	12100000	Heterochromatin
ch01	12100001	12200000	Heterochromatin
ch01	12200001	12300000	Heterochromatin
ch01	12300001	12400000	Heterochromatin
ch01	12400001	12500000	Heterochromatin
ch01	12500001	12600000	Heterochromatin
ch01	12600001	12700000	Heterochromatin
ch01	12700001	12800000	Heterochromatin
ch01	12800001	12900000	Heterochromatin
ch01	12900001	13000000	Heterochromatin
ch01	13000001	13100000	Heterochromatin
ch01	13100001	13200000	Heterochromatin
ch01	13200001	13300000	Heterochromatin
ch01	13300001	13400000	Heterochromatin
ch01	13400001	13500000	Heterochromatin
ch01	13500001	13600000	Heterochromatin
ch01	13600001	13700000	Heterochromatin
ch01	13700001	13800000	Heterochromatin
ch01	13800001	13900000	Heterochromatin
ch01	13900001	14000000	Heterochromatin
ch01	14000001	14100000	Heterochromatin
ch01	14100001	14200000	Heterochromatin
ch01	14200001	14300000	Heterochromatin
ch01	14300001	14400000	Heterochromatin
ch01	14400001	14500000	Heterochromatin
ch01	14500001	14600000	Heterochromatin
ch01	14600001	14700000	Heterochromatin
ch01	14700001	14800000	Heterochromatin
ch01	14800001	14900000	Heterochromatin
ch01	14900001	15000000	Heterochromatin
ch01	15000001	15100000	Heterochromatin
ch01	15100001	15200000	Heterochromatin
ch01	15200001	15300000	Heterochromatin
ch01	15300001	15400000	Heterochromatin
ch01	15400001	15500000	Heterochromatin
ch01	15500001	15600000	Heterochromatin
ch01	15600001	15700000	Heterochromatin
ch01	15700001	15800000	Heterochromatin
ch01	15800001	15900000	Heterochromatin
ch01	15900001	16000000	Heterochromatin
ch01	16000001	16100000	Heterochromatin
ch01	16100001	16200000	Heterochromatin
ch01	16200001	16300000	Heterochromatin
ch01	16300001	16400000	Heterochromatin
ch01	16400001	16500000	Heterochromatin
ch01	16500001	16600000	Heterochromatin
ch01	16600001	16700000	Heterochromatin
ch01	16700001	16800000	Heterochromatin
ch01	16800001	16900000	Heterochromatin
ch01	16900001	17000000	Heterochromatin
ch01	17000001	17100000	Heterochromatin
ch01	17100001	17200000	Heterochromatin
ch01	17200001	17300000	Heterochromatin
ch01	17300001	17400000	Heterochromatin
ch01	17400001	17500000	Heterochromatin
ch01	17500001	17600000	Heterochromatin
ch01	17600001	17700000	Heterochromatin
ch01	17700001	17800000	Heterochromatin
ch01	17800001	17900000	Heterochromatin
ch01	17900001	18000000	Heterochromatin
ch01	18000001	18100000	Heterochromatin
ch01	18100001	18200000	Heterochromatin
ch01	18200001	18300000	Heterochromatin
ch01	18300001	18400000	Heterochromatin
ch01	18400001	18500000	Heterochromatin
ch01	18500001	18600000	Heterochromatin
ch01	18600001	18700000	Heterochromatin
ch01	18700001	18800000	Heterochromatin
ch01	18800001	18900000	Heterochromatin
ch01	18900001	19000000	Heterochromatin
ch01	19000001	19100000	Heterochromatin
ch01	19100001	19200000	Heterochromatin
ch01	19200001	19300000	Heterochromatin
ch01	19300001	19400000	Heterochromatin
ch01	19400001	19500000	Heterochromatin
ch01	19500001	19600000	Heterochromatin
ch01	19600001	19700000	Heterochromatin
ch01	19700001	19800000	Heterochromatin
ch01	19800001	19900000	Heterochromatin
ch01	19900001	20000000	Heterochromatin
ch01	20000001	20100000	Heterochromatin
ch01	20100001	20200000	Heterochromatin
ch01	20200001	20300000	Heterochromatin
ch01	20300001	20400000	Heterochromatin
ch01	20400001	20500000	Heterochromatin
ch01	20500001	20600000	Heterochromatin
ch01	20600001	20700000	Heterochromatin
ch01	20700001	20800000	Heterochromatin
ch01	20800001	20900000	Heterochromatin
ch01	20900001	21000000	Heterochromatin
ch01	21000001	21100000	Heterochromatin
ch01	21100001	21200000	Heterochromatin
ch01	21200001	21300000	Heterochromatin
ch01	21300001	21400000	Heterochromatin
ch01	21400001	21500000	Heterochromatin
ch01	21500001	21600000	Heterochromatin
ch01	21600001	21700000	Heterochromatin
ch01	21700001	21800000	Heterochromatin
ch01	21800001	21900000	Heterochromatin
ch01	21900001	22000000	Heterochromatin
ch01	22000001	22100000	Heterochromatin
ch01	22100001	22200000	Heterochromatin
ch01	22200001	22300000	Heterochromatin
ch01	22300001	22400000	Heterochromatin
ch01	22400001	22500000	Heterochromatin
ch01	22500001	22600000	Heterochromatin
ch01	22600001	22700000	Heterochromatin
ch01	22700001	22800000	Heterochromatin
ch01	22800001	22900000	Heterochromatin
ch01	22900001	23000000	Heterochromatin
ch01	23000001	23100000	Heterochromatin
ch01	23100001	23200000	Heterochromatin
ch01	23200001	23300000	Heterochromatin
ch01	23300001	23400000	Heterochromatin
ch01	23400001	23500000	Heterochromatin
ch01	23500001	23600000	Heterochromatin
ch01	23600001	23700000	Heterochromatin
ch01	23700001	23800000	Heterochromatin
ch01	23800001	23900000	Heterochromatin
ch01	23900001	24000000	Heterochromatin
ch01	24000001	24100000	Heterochromatin
ch01	24100001	24200000	Heterochromatin
ch01	24200001	24300000	Heterochromatin
ch01	24300001	24400000	Heterochromatin
ch01	24400001	24500000	Heterochromatin
ch01	24500001	24600000	Heterochromatin
ch01	24600001	24700000	Heterochromatin
ch01	24700001	24800000	Heterochromatin
ch01	24800001	24900000	Heterochromatin
ch01	24900001	25000000	Heterochromatin
ch01	25000001	25100000	Heterochromatin
ch01	25100001	25200000	Heterochromatin
ch01	25200001	25300000	Heterochromatin
ch01	25300001	25400000	Heterochromatin
ch01	25400001	25500000	Heterochromatin
ch01	25500001	25600000	Heterochromatin
ch01	25600001	25700000	Heterochromatin
ch01	25700001	25800000	Heterochromatin
ch01	25800001	25900000	Heterochromatin
ch01	25900001	26000000	Heterochromatin
ch01	26000001	26100000	Heterochromatin
ch01	26100001	26200000	Heterochromatin
ch01	26200001	26300000	Heterochromatin
ch01	26300001	26400000	Heterochromatin
ch01	26400001	26500000	Heterochromatin
ch01	26500001	26600000	Heterochromatin
ch01	26600001	26700000	Heterochromatin
ch01	26700001	26800000	Heterochromatin
ch01	26800001	26900000	Heterochromatin
ch01	26900001	27000000	Heterochromatin
ch01	27000001	27100000	Heterochromatin
ch01	27100001	27200000	Heterochromatin
ch01	27200001	27300000	Heterochromatin
ch01	27300001	27400000	Heterochromatin
ch01	27400001	27500000	Heterochromatin
ch01	27500001	27600000	Heterochromatin
ch01	27600001	27700000	Heterochromatin
ch01	27700001	27800000	Heterochromatin
ch01	27800001	27900000	Heterochromatin
ch01	27900001	28000000	Heterochromatin
ch01	28000001	28100000	Heterochromatin
ch01	28100001	28200000	Heterochromatin
ch01	28200001	28300000	Heterochromatin
ch01	28300001	28400000	Heterochromatin
ch01	28400001	28500000	Heterochromatin
ch01	28500001	28600000	Heterochromatin
ch01	28600001	28700000	Heterochromatin
ch01	28700001	28800000	Heterochromatin
ch01	28800001	28900000	Heterochromatin
ch01	28900001	29000000	Heterochromatin
ch01	29000001	29100000	Heterochromatin
ch01	29100001	29200000	Heterochromatin
ch01	29200001	29300000	Heterochromatin
ch01	29300001	29400000	Heterochromatin
ch01	29400001	29500000	Heterochromatin
ch01	29500001	29600000	Heterochromatin
ch01	29600001	29700000	Heterochromatin
ch01	29700001	29800000	Heterochromatin
ch01	29800001	29900000	Heterochromatin
ch01	29900001	30000000	Heterochromatin
ch01	30000001	30100000	Heterochromatin
ch01	30100001	30200000	Heterochromatin
ch01	30200001	30300000	Heterochromatin
ch01	30300001	30400000	Heterochromatin
ch01	30400001	30500000	Heterochromatin
ch01	30500001	30600000	Heterochromatin
ch01	30600001	30700000	Heterochromatin
ch01	30700001	30800000	Heterochromatin
ch01	30800001	30900000	Heterochromatin
ch01	30900001	31000000	Heterochromatin
ch01	31000001	31100000	Heterochromatin
ch01	31100001	31200000	Heterochromatin
ch01	31200001	31300000	Heterochromatin
ch01	31300001	31400000	Heterochromatin
ch01	31400001	31500000	Heterochromatin
ch01	31500001	31600000	Heterochromatin
ch01	31600001	31700000	Heterochromatin
ch01	31700001	31800000	Heterochromatin
ch01	31800001	31900000	Heterochromatin
ch01	31900001	32000000	Heterochromatin
ch01	32000001	32100000	Heterochromatin
ch01	32100001	32200000	Heterochromatin
ch01	32200001	32300000	Heterochromatin
ch01	32300001	32400000	Heterochromatin
ch01	32400001	32500000	Heterochromatin
ch01	32500001	32600000	Heterochromatin
ch01	32600001	32700000	Heterochromatin
ch01	32700001	32800000	Heterochromatin
ch01	32800001	32900000	Heterochromatin
ch01	32900001	33000000	Heterochromatin
ch01	33000001	33100000	Heterochromatin
ch01	33100001	33200000	Heterochromatin
ch01	33200001	33300000	Heterochromatin
ch01	33300001	33400000	Heterochromatin
ch01	33400001	33500000	Heterochromatin
ch01	33500001	33600000	Heterochromatin
ch01	33600001	33700000	Heterochromatin
ch01	33700001	33800000	Heterochromatin
ch01	33800001	33900000	Heterochromatin
ch01	33900001	34000000	Heterochromatin
ch01	34000001	34100000	Heterochromatin
ch01	34100001	34200000	Heterochromatin
ch01	34200001	34300000	Heterochromatin
ch01	34300001	34400000	Heterochromatin
ch01	34400001	34500000	Heterochromatin
ch01	34500001	34600000	Heterochromatin
ch01	34600001	34700000	Heterochromatin
ch01	34700001	34800000	Heterochromatin
ch01	34800001	34900000	Heterochromatin
ch01	34900001	35000000	Heterochromatin
ch01	35000001	35100000	Heterochromatin
ch01	35100001	35200000	Heterochromatin
ch01	35200001	35300000	Heterochromatin
ch01	35300001	35400000	Heterochromatin
ch01	35400001	35500000	Heterochromatin
ch01	35500001	35600000	Heterochromatin
ch01	35600001	35700000	Heterochromatin
ch01	35700001	35800000	Heterochromatin
ch01	35800001	35900000	Heterochromatin
ch01	35900001	36000000	Heterochromatin
ch01	36000001	36100000	Heterochromatin
ch01	36100001	36200000	Heterochromatin
ch01	36200001	36300000	Heterochromatin
ch01	36300001	36400000	Heterochromatin
ch01	36400001	36500000	Heterochromatin
ch01	36500001	36600000	Heterochromatin
ch01	36600001	36700000	Heterochromatin
ch01	36700001	36800000	Heterochromatin
ch01	36800001	36900000	Heterochromatin
ch01	36900001	37000000	Heterochromatin
ch01	37000001	37100000	Heterochromatin
ch01	37100001	37200000	Heterochromatin
ch01	37200001	37300000	Heterochromatin
ch01	37300001	37400000	Heterochromatin
ch01	37400001	37500000	Heterochromatin
ch01	37500001	37600000	Heterochromatin
ch01	37600001	37700000	Heterochromatin
ch01	37700001	37800000	Heterochromatin
ch01	37800001	37900000	Heterochromatin
ch01	37900001	38000000	Heterochromatin
ch01	38000001	38100000	Heterochromatin
ch01	38100001	38200000	Heterochromatin
ch01	38200001	38300000	Heterochromatin
ch01	38300001	38400000	Heterochromatin
ch01	38400001	38500000	Heterochromatin
ch01	38500001	38600000	Heterochromatin
ch01	38600001	38700000	Heterochromatin
ch01	38700001	38800000	Heterochromatin
ch01	38800001	38900000	Heterochromatin
ch01	38900001	39000000	Heterochromatin
ch01	39000001	39100000	Heterochromatin
ch01	39100001	39200000	Heterochromatin
ch01	39200001	39300000	Heterochromatin
ch01	39300001	39400000	Heterochromatin
ch01	39400001	39500000	Heterochromatin
ch01	39500001	39600000	Heterochromatin
ch01	39600001	39700000	Heterochromatin
ch01	39700001	39800000	Heterochromatin
ch01	39800001	39900000	Heterochromatin
ch01	39900001	40000000	Heterochromatin
ch01	40000001	40100000	Heterochromatin
ch01	40100001	40200000	Heterochromatin
ch01	40200001	40300000	Heterochromatin
ch01	40300001	40400000	Heterochromatin
ch01	40400001	40500000	Heterochromatin
ch01	40500001	40600000	Heterochromatin
ch01	40600001	40700000	Heterochromatin
ch01	40700001	40800000	Heterochromatin
ch01	40800001	40900000	Heterochromatin
ch01	40900001	41000000	Heterochromatin
ch01	41000001	41100000	Heterochromatin
ch01	41100001	41200000	Heterochromatin
ch01	41200001	41300000	Heterochromatin
ch01	41300001	41400000	Heterochromatin
ch01	41400001	41500000	Heterochromatin
ch01	41500001	41600000	Heterochromatin
ch01	41600001	41700000	Heterochromatin
ch01	41700001	41800000	Heterochromatin
ch01	41800001	41900000	Heterochromatin
ch01	41900001	42000000	Heterochromatin
ch01	42000001	42100000	Heterochromatin
ch01	42100001	42200000	Heterochromatin
ch01	42200001	42300000	Heterochromatin
ch01	42300001	42400000	Heterochromatin
ch01	42400001	42500000	Heterochromatin
ch01	42500001	42600000	Heterochromatin
ch01	42600001	42700000	Heterochromatin
ch01	42700001	42800000	Heterochromatin
ch01	42800001	42900000	Heterochromatin
ch01	42900001	43000000	Heterochromatin
ch01	43000001	43100000	Heterochromatin
ch01	43100001	43200000	Heterochromatin
ch01	43200001	43300000	Heterochromatin
ch01	43300001	43400000	Heterochromatin
ch01	43400001	43500000	Heterochromatin
ch01	43500001	43600000	Heterochromatin
ch01	43600001	43700000	Heterochromatin
ch01	43700001	43800000	Heterochromatin
ch01	43800001	43900000	Heterochromatin
ch01	43900001	44000000	Heterochromatin
ch01	44000001	44100000	Heterochromatin
ch01	44100001	44200000	Heterochromatin
ch01	44200001	44300000	Heterochromatin
ch01	44300001	44400000	Heterochromatin
ch01	44400001	44500000	Heterochromatin
ch01	44500001	44600000	Heterochromatin
ch01	44600001	44700000	Heterochromatin
ch01	44700001	44800000	Heterochromatin
ch01	44800001	44900000	Heterochromatin
ch01	44900001	45000000	Heterochromatin
ch01	45000001	45100000	Heterochromatin
ch01	45100001	45200000	Heterochromatin
ch01	45200001	45300000	Heterochromatin
ch01	45300001	45400000	Heterochromatin
ch01	45400001	45500000	Heterochromatin
ch01	45500001	45600000	Heterochromatin
ch01	45600001	45700000	Heterochromatin
ch01	45700001	45800000	Heterochromatin
ch01	45800001	45900000	Heterochromatin
ch01	45900001	46000000	Heterochromatin
ch01	46000001	46100000	Heterochromatin
ch01	46100001	46200000	Heterochromatin
ch01	46200001	46300000	Heterochromatin
ch01	46300001	46400000	Heterochromatin
ch01	46400001	46500000	Heterochromatin
ch01	46500001	46600000	Heterochromatin
ch01	46600001	46700000	Heterochromatin
ch01	46700001	46800000	Heterochromatin
ch01	46800001	46900000	Heterochromatin
ch01	46900001	47000000	Heterochromatin
ch01	47000001	47100000	Heterochromatin
ch01	47100001	47200000	Heterochromatin
ch01	47200001	47300000	Heterochromatin
ch01	47300001	47400000	Heterochromatin
ch01	47400001	47500000	Heterochromatin
ch01	47500001	47600000	Heterochromatin
ch01	47600001	47700000	Heterochromatin
ch01	47700001	47800000	Heterochromatin
ch01	47800001	47900000	Heterochromatin
ch01	47900001	48000000	Heterochromatin
ch01	48000001	48100000	Heterochromatin
ch01	48100001	48200000	Heterochromatin
ch01	48200001	48300000	Heterochromatin
ch01	48300001	48400000	Heterochromatin
ch01	48400001	48500000	Heterochromatin
ch01	48500001	48600000	Heterochromatin
ch01	48600001	48700000	Heterochromatin
ch01	48700001	48800000	Heterochromatin
ch01	48800001	48900000	Heterochromatin
ch01	48900001	49000000	Heterochromatin
ch01	49000001	49100000	Heterochromatin
ch01	49100001	49200000	Heterochromatin
ch01	49200001	49300000	Heterochromatin
ch01	49300001	49400000	Heterochromatin
ch01	49400001	49500000	Heterochromatin
ch01	49500001	49600000	Heterochromatin
ch01	49600001	49700000	Heterochromatin
ch01	49700001	49800000	Heterochromatin
ch01	49800001	49900000	Heterochromatin
ch01	49900001	50000000	Heterochromatin
ch01	50000001	50100000	Heterochromatin
ch01	50100001	50200000	Heterochromatin
ch01	50200001	50300000	Heterochromatin
ch01	50300001	50400000	Heterochromatin
ch01	50400001	50500000	Heterochromatin
ch01	50500001	50600000	Heterochromatin
ch01	50600001	50700000	Heterochromatin
ch01	50700001	50800000	Heterochromatin
ch01	50800001	50900000	Heterochromatin
ch01	50900001	51000000	Heterochromatin
ch01	51000001	51100000	Heterochromatin
ch01	51100001	51200000	Heterochromatin
ch01	51200001	51300000	Heterochromatin
ch01	51300001	51400000	Heterochromatin
ch01	51400001	51500000	Heterochromatin
ch01	51500001	51600000	Heterochromatin
ch01	51600001	51700000	Heterochromatin
ch01	51700001	51800000	Heterochromatin
ch01	51800001	51900000	Heterochromatin
ch01	51900001	52000000	Heterochromatin
ch01	52000001	52100000	Heterochromatin
ch01	52100001	52200000	Heterochromatin
ch01	52200001	52300000	Heterochromatin
ch01	52300001	52400000	Heterochromatin
ch01	52400001	52500000	Heterochromatin
ch01	52500001	52600000	Heterochromatin
ch01	52600001	52700000	Heterochromatin
ch01	52700001	52800000	Heterochromatin
ch01	52800001	52900000	Heterochromatin
ch01	52900001	53000000	Heterochromatin
ch01	53000001	53100000	Heterochromatin
ch01	53100001	53200000	Heterochromatin
ch01	53200001	53300000	Heterochromatin
ch01	53300001	53400000	Heterochromatin
ch01	53400001	53500000	Heterochromatin
ch01	53500001	53600000	Heterochromatin
ch01	53600001	53700000	Heterochromatin
ch01	53700001	53800000	Heterochromatin
ch01	53800001	53900000	Heterochromatin
ch01	53900001	54000000	Heterochromatin
ch01	54000001	54100000	Heterochromatin
ch01	54100001	54200000	Heterochromatin
ch01	54200001	54300000	Heterochromatin
ch01	54300001	54400000	Heterochromatin
ch01	54400001	54500000	Heterochromatin
ch01	54500001	54600000	Heterochromatin
ch01	54600001	54700000	Heterochromatin
ch01	54700001	54800000	Heterochromatin
ch01	54800001	54900000	Heterochromatin
ch01	54900001	55000000	Heterochromatin
ch01	55000001	55100000	Heterochromatin
ch01	55100001	55200000	Heterochromatin
ch01	55200001	55300000	Heterochromatin
ch01	55300001	55400000	Heterochromatin
ch01	55400001	55500000	Heterochromatin
ch01	55500001	55600000	Heterochromatin
ch01	55600001	55700000	Heterochromatin
ch01	55700001	55800000	Heterochromatin
ch01	55800001	55900000	Heterochromatin
ch01	55900001	56000000	Heterochromatin
ch01	56000001	56100000	Heterochromatin
ch01	56100001	56200000	Heterochromatin
ch01	56200001	56300000	Heterochromatin
ch01	56300001	56400000	Heterochromatin
ch01	56400001	56500000	Heterochromatin
ch01	56500001	56600000	Heterochromatin
ch01	56600001	56700000	Heterochromatin
ch01	56700001	56800000	Heterochromatin
ch01	56800001	56900000	Heterochromatin
ch01	56900001	57000000	Heterochromatin
ch01	57000001	57100000	Heterochromatin
ch01	57100001	57200000	Heterochromatin
ch01	57200001	57300000	Heterochromatin
ch01	57300001	57400000	Heterochromatin
ch01	57400001	57500000	Heterochromatin
ch01	57500001	57600000	Heterochromatin
ch01	57600001	57700000	Heterochromatin
ch01	57700001	57800000	Heterochromatin
ch01	57800001	57900000	Heterochromatin
ch01	57900001	58000000	Heterochromatin
ch01	58000001	58100000	Heterochromatin
ch01	58100001	58200000	Heterochromatin
ch01	58200001	58300000	Heterochromatin
ch01	58300001	58400000	Heterochromatin
ch01	58400001	58500000	Heterochromatin
ch01	58500001	58600000	Heterochromatin
ch01	58600001	58700000	Heterochromatin
ch01	58700001	58800000	Heterochromatin
ch01	58800001	58900000	Heterochromatin
ch01	58900001	59000000	Heterochromatin
ch01	59000001	59100000	Heterochromatin
ch01	59100001	59200000	Heterochromatin
ch01	59200001	59300000	Heterochromatin
ch01	59300001	59400000	Heterochromatin
ch01	59400001	59500000	Heterochromatin
ch01	59500001	59600000	Heterochromatin
ch01	59600001	59700000	Heterochromatin
ch01	59700001	59800000	Heterochromatin
ch01	59800001	59900000	Heterochromatin
ch01	59900001	60000000	Heterochromatin
ch01	60000001	60100000	Heterochromatin
ch01	60100001	60200000	Heterochromatin
ch01	60200001	60300000	Heterochromatin
ch01	60300001	60400000	Heterochromatin
ch01	60400001	60500000	Heterochromatin
ch01	60500001	60600000	Heterochromatin
ch01	60600001	60700000	Heterochromatin
ch01	60700001	60800000	Heterochromatin
ch01	60800001	60900000	Heterochromatin
ch01	60900001	61000000	Heterochromatin
ch01	61000001	61100000	Heterochromatin
ch01	61100001	61200000	Heterochromatin
ch01	61200001	61300000	Heterochromatin
ch01	61300001	61400000	Heterochromatin
ch01	61400001	61500000	Heterochromatin
ch01	61500001	61600000	Heterochromatin
ch01	61600001	61700000	Heterochromatin
ch01	61700001	61800000	Heterochromatin
ch01	61800001	61900000	Heterochromatin
ch01	61900001	62000000	Heterochromatin
ch01	62000001	62100000	Heterochromatin
ch01	62100001	62200000	Heterochromatin
ch01	62200001	62300000	Heterochromatin
ch01	62300001	62400000	Heterochromatin
ch01	62400001	62500000	Heterochromatin
ch01	62500001	62600000	Heterochromatin
ch01	62600001	62700000	Heterochromatin
ch01	62700001	62800000	Heterochromatin
ch01	62800001	62900000	Heterochromatin
ch01	62900001	63000000	Heterochromatin
ch01	63000001	63100000	Heterochromatin
ch01	63100001	63200000	Heterochromatin
ch01	63200001	63300000	Heterochromatin
ch01	63300001	63400000	Heterochromatin
ch01	63400001	63500000	Heterochromatin
ch01	63500001	63600000	Heterochromatin
ch01	63600001	63700000	Heterochromatin
ch01	63700001	63800000	Heterochromatin
ch01	63800001	63900000	Heterochromatin
ch01	63900001	64000000	Heterochromatin
ch01	64000001	64100000	Heterochromatin
ch01	64100001	64200000	Heterochromatin
ch01	64200001	64300000	Heterochromatin
ch01	64300001	64400000	Heterochromatin
ch01	64400001	64500000	Heterochromatin
ch01	64500001	64600000	Heterochromatin
ch01	64600001	64700000	Heterochromatin
ch01	64700001	64800000	Heterochromatin
ch01	64800001	64900000	Heterochromatin
ch01	64900001	65000000	Heterochromatin
ch01	65000001	65100000	Heterochromatin
ch01	65100001	65200000	Heterochromatin
ch01	65200001	65300000	Heterochromatin
ch01	65300001	65400000	Heterochromatin
ch01	65400001	65500000	Heterochromatin
ch01	65500001	65600000	Heterochromatin
ch01	65600001	65700000	Heterochromatin
ch01	65700001	65800000	Heterochromatin
ch01	65800001	65900000	Heterochromatin
ch01	65900001	66000000	Heterochromatin
ch01	66000001	66100000	Heterochromatin
ch01	66100001	66200000	Heterochromatin
ch01	66200001	66300000	Heterochromatin
ch01	66300001	66400000	Heterochromatin
ch01	66400001	66500000	Heterochromatin
ch01	66500001	66600000	Heterochromatin
ch01	66600001	66700000	Heterochromatin
ch01	66700001	66800000	Heterochromatin
ch01	66800001	66900000	Heterochromatin
ch01	66900001	67000000	Heterochromatin
ch01	67000001	67100000	Heterochromatin
ch01	67100001	67200000	Heterochromatin
ch01	67200001	67300000	Heterochromatin
ch01	67300001	67400000	Heterochromatin
ch01	67400001	67500000	Heterochromatin
ch01	67500001	67600000	Heterochromatin
ch01	67600001	67700000	Heterochromatin
ch01	67700001	67800000	Heterochromatin
ch01	67800001	67900000	Heterochromatin
ch01	67900001	68000000	Heterochromatin
ch01	68000001	68100000	Heterochromatin
ch01	68100001	68200000	Heterochromatin
ch01	68200001	68300000	Heterochromatin
ch01	68300001	68400000	Heterochromatin
ch01	68400001	68500000	Heterochromatin
ch01	68500001	68600000	Heterochromatin
ch01	68600001	68700000	Heterochromatin
ch01	68700001	68800000	Heterochromatin
ch01	68800001	68900000	Heterochromatin
ch01	68900001	69000000	Heterochromatin
ch01	69000001	69100000	Heterochromatin
ch01	69100001	69200000	Heterochromatin
ch01	69200001	69300000	Heterochromatin
ch01	69300001	69400000	Heterochromatin
ch01	69400001	69500000	Heterochromatin
ch01	69500001	69600000	Heterochromatin
ch01	69600001	69700000	Heterochromatin
ch01	69700001	69800000	Heterochromatin
ch01	69800001	69900000	Euchromatin
ch01	69900001	70000000	Euchromatin
ch01	70000001	70100000	Euchromatin
ch01	70100001	70200000	Euchromatin
ch01	70200001	70300000	Euchromatin
ch01	70300001	70400000	Euchromatin
ch01	70400001	70500000	Euchromatin
ch01	70500001	70600000	Euchromatin
ch01	70600001	70700000	Euchromatin
ch01	70700001	70800000	Euchromatin
ch01	70800001	70900000	Euchromatin
ch01	70900001	71000000	Euchromatin
ch01	71000001	71100000	Euchromatin
ch01	71100001	71200000	Euchromatin
ch01	71200001	71300000	Euchromatin
ch01	71300001	71400000	Euchromatin
ch01	71400001	71500000	Euchromatin
ch01	71500001	71600000	Euchromatin
ch01	71600001	71700000	Euchromatin
ch01	71700001	71800000	Euchromatin
ch01	71800001	71900000	Euchromatin
ch01	71900001	72000000	Euchromatin
ch01	72000001	72100000	Euchromatin
ch01	72100001	72200000	Euchromatin
ch01	72200001	72300000	Euchromatin
ch01	72300001	72400000	Euchromatin
ch01	72400001	72500000	Euchromatin
ch01	72500001	72600000	Euchromatin
ch01	72600001	72700000	Euchromatin
ch01	72700001	72800000	Euchromatin
ch01	72800001	72900000	Euchromatin
ch01	72900001	73000000	Euchromatin
ch01	73000001	73100000	Euchromatin
ch01	73100001	73200000	Euchromatin
ch01	73200001	73300000	Euchromatin
ch01	73300001	73400000	Euchromatin
ch01	73400001	73500000	Euchromatin
ch01	73500001	73600000	Euchromatin
ch01	73600001	73700000	Euchromatin
ch01	73700001	73800000	Euchromatin
ch01	73800001	73900000	Euchromatin
ch01	73900001	74000000	Euchromatin
ch01	74000001	74100000	Euchromatin
ch01	74100001	74200000	Euchromatin
ch01	74200001	74300000	Euchromatin
ch01	74300001	74400000	Euchromatin
ch01	74400001	74500000	Euchromatin
ch01	74500001	74600000	Euchromatin
ch01	74600001	74700000	Euchromatin
ch01	74700001	74800000	Euchromatin
ch01	74800001	74900000	Euchromatin
ch01	74900001	75000000	Euchromatin
ch01	75000001	75100000	Euchromatin
ch01	75100001	75200000	Euchromatin
ch01	75200001	75300000	Euchromatin
ch01	75300001	75400000	Euchromatin
ch01	75400001	75500000	Euchromatin
ch01	75500001	75600000	Euchromatin
ch01	75600001	75700000	Euchromatin
ch01	75700001	75800000	Euchromatin
ch01	75800001	75900000	Euchromatin
ch01	75900001	76000000	Euchromatin
ch01	76000001	76100000	Euchromatin
ch01	76100001	76200000	Euchromatin
ch01	76200001	76300000	Euchromatin
ch01	76300001	76400000	Euchromatin
ch01	76400001	76500000	Euchromatin
ch01	76500001	76600000	Euchromatin
ch01	76600001	76700000	Euchromatin
ch01	76700001	76800000	Euchromatin
ch01	76800001	76900000	Euchromatin
ch01	76900001	77000000	Euchromatin
ch01	77000001	77100000	Euchromatin
ch01	77100001	77200000	Euchromatin
ch01	77200001	77300000	Euchromatin
ch01	77300001	77400000	Euchromatin
ch01	77400001	77500000	Euchromatin
ch01	77500001	77600000	Euchromatin
ch01	77600001	77700000	Euchromatin
ch01	77700001	77800000	Euchromatin
ch01	77800001	77900000	Euchromatin
ch01	77900001	78000000	Euchromatin
ch01	78000001	78100000	Euchromatin
ch01	78100001	78200000	Euchromatin
ch01	78200001	78300000	Euchromatin
ch01	78300001	78400000	Euchromatin
ch01	78400001	78500000	Euchromatin
ch01	78500001	78600000	Euchromatin
ch01	78600001	78700000	Euchromatin
ch01	78700001	78800000	Euchromatin
ch01	78800001	78900000	Euchromatin
ch01	78900001	79000000	Euchromatin
ch01	79000001	79100000	Euchromatin
ch01	79100001	79200000	Euchromatin
ch01	79200001	79300000	Euchromatin
ch01	79300001	79400000	Euchromatin
ch01	79400001	79500000	Euchromatin
ch01	79500001	79600000	Euchromatin
ch01	79600001	79700000	Euchromatin
ch01	79700001	79800000	Euchromatin
ch01	79800001	79900000	Euchromatin
ch01	79900001	80000000	Euchromatin
ch01	80000001	80100000	Euchromatin
ch01	80100001	80200000	Euchromatin
ch01	80200001	80300000	Euchromatin
ch01	80300001	80400000	Euchromatin
ch01	80400001	80500000	Euchromatin
ch01	80500001	80600000	Euchromatin
ch01	80600001	80700000	Euchromatin
ch01	80700001	80800000	Euchromatin
ch01	80800001	80900000	Euchromatin
ch01	80900001	81000000	Euchromatin
ch01	81000001	81100000	Euchromatin
ch01	81100001	81200000	Euchromatin
ch01	81200001	81300000	Euchromatin
ch01	81300001	81400000	Euchromatin
ch01	81400001	81500000	Euchromatin
ch01	81500001	81600000	Euchromatin
ch01	81600001	81700000	Euchromatin
ch01	81700001	81800000	Euchromatin
ch01	81800001	81900000	Euchromatin
ch01	81900001	82000000	Euchromatin
ch01	82000001	82100000	Euchromatin
ch01	82100001	82200000	Euchromatin
ch01	82200001	82300000	Euchromatin
ch01	82300001	82400000	Euchromatin
ch01	82400001	82500000	Euchromatin
ch01	82500001	82600000	Euchromatin
ch01	82600001	82700000	Euchromatin
ch01	82700001	82800000	Euchromatin
ch01	82800001	82900000	Euchromatin
ch01	82900001	83000000	Euchromatin
ch01	83000001	83100000	Euchromatin
ch01	83100001	83200000	Euchromatin
ch01	83200001	83300000	Euchromatin
ch01	83300001	83400000	Euchromatin
ch01	83400001	83500000	Euchromatin
ch01	83500001	83600000	Euchromatin
ch01	83600001	83700000	Euchromatin
ch01	83700001	83800000	Euchromatin
ch01	83800001	83900000	Euchromatin
ch01	83900001	84000000	Euchromatin
ch01	84000001	84100000	Euchromatin
ch01	84100001	84200000	Euchromatin
ch01	84200001	84300000	Euchromatin
ch01	84300001	84400000	Euchromatin
ch01	84400001	84500000	Euchromatin
ch01	84500001	84600000	Euchromatin
ch01	84600001	84700000	Euchromatin
ch01	84700001	84800000	Euchromatin
ch01	84800001	84900000	Euchromatin
ch01	84900001	85000000	Euchromatin
ch01	85000001	85100000	Euchromatin
ch01	85100001	85200000	Euchromatin
ch01	85200001	85300000	Euchromatin
ch01	85300001	85400000	Euchromatin
ch01	85400001	85500000	Euchromatin
ch01	85500001	85600000	Euchromatin
ch01	85600001	85700000	Euchromatin
ch01	85700001	85800000	Euchromatin
ch01	85800001	85900000	Euchromatin
ch01	85900001	86000000	Euchromatin
ch01	86000001	86100000	Euchromatin
ch01	86100001	86200000	Euchromatin
ch01	86200001	86300000	Euchromatin
ch01	86300001	86400000	Euchromatin
ch01	86400001	86500000	Euchromatin
ch01	86500001	86600000	Euchromatin
ch01	86600001	86700000	Euchromatin
ch01	86700001	86800000	Euchromatin
ch01	86800001	86900000	Euchromatin
ch01	86900001	87000000	Euchromatin
ch01	87000001	87100000	Euchromatin
ch01	87100001	87200000	Euchromatin
ch01	87200001	87300000	Euchromatin
ch01	87300001	87400000	Euchromatin
ch01	87400001	87500000	Euchromatin
ch01	87500001	87600000	Euchromatin
ch01	87600001	87700000	Euchromatin
ch01	87700001	87800000	Euchromatin
ch01	87800001	87900000	Euchromatin
ch01	87900001	88000000	Euchromatin
ch01	88000001	88100000	Euchromatin
ch01	88100001	88200000	Euchromatin
ch01	88200001	88300000	Euchromatin
ch01	88300001	88400000	Euchromatin
ch01	88400001	88500000	Euchromatin
ch01	88500001	88600000	Euchromatin
ch01	88600001	88700000	Euchromatin
ch01	88700001	88800000	Euchromatin
ch01	88800001	88900000	Euchromatin
ch01	88900001	89000000	Euchromatin
ch01	89000001	89100000	Euchromatin
ch01	89100001	89200000	Euchromatin
ch01	89200001	89300000	Euchromatin
ch01	89300001	89400000	Euchromatin
ch01	89400001	89500000	Euchromatin
ch01	89500001	89600000	Euchromatin
ch01	89600001	89700000	Euchromatin
ch01	89700001	89800000	Euchromatin
ch01	89800001	89900000	Euchromatin
ch01	89900001	90000000	Euchromatin
ch01	90000001	90100000	Euchromatin
ch01	90100001	90200000	Euchromatin
ch01	90200001	90300000	Euchromatin
ch01	90300001	90400000	Euchromatin
ch01	90400001	90500000	Euchromatin
ch01	90500001	90600000	Euchromatin
ch01	90600001	90700000	Euchromatin
ch01	90700001	90800000	Euchromatin
ch01	90800001	90863682	Euchromatin
ch02	1	100000	Heterochromatin
ch02	100001	200000	Heterochromatin
ch02	200001	300000	Heterochromatin
ch02	300001	400000	Heterochromatin
ch02	400001	500000	Heterochromatin
ch02	500001	600000	Heterochromatin
ch02	600001	700000	Heterochromatin
ch02	700001	800000	Heterochromatin
ch02	800001	900000	Heterochromatin
ch02	900001	1000000	Heterochromatin
ch02	1000001	1100000	Heterochromatin
ch02	1100001	1200000	Heterochromatin
ch02	1200001	1300000	Heterochromatin
ch02	1300001	1400000	Heterochromatin
ch02	1400001	1500000	Heterochromatin
ch02	1500001	1600000	Heterochromatin
ch02	1600001	1700000	Heterochromatin
ch02	1700001	1800000	Heterochromatin
ch02	1800001	1900000	Heterochromatin
ch02	1900001	2000000	Heterochromatin
ch02	2000001	2100000	Heterochromatin
ch02	2100001	2200000	Heterochromatin
ch02	2200001	2300000	Heterochromatin
ch02	2300001	2400000	Heterochromatin
ch02	2400001	2500000	Heterochromatin
ch02	2500001	2600000	Heterochromatin
ch02	2600001	2700000	Heterochromatin
ch02	2700001	2800000	Heterochromatin
ch02	2800001	2900000	Heterochromatin
ch02	2900001	3000000	Heterochromatin
ch02	3000001	3100000	Heterochromatin
ch02	3100001	3200000	Heterochromatin
ch02	3200001	3300000	Heterochromatin
ch02	3300001	3400000	Heterochromatin
ch02	3400001	3500000	Heterochromatin
ch02	3500001	3600000	Heterochromatin
ch02	3600001	3700000	Heterochromatin
ch02	3700001	3800000	Heterochromatin
ch02	3800001	3900000	Heterochromatin
ch02	3900001	4000000	Heterochromatin
ch02	4000001	4100000	Heterochromatin
ch02	4100001	4200000	Heterochromatin
ch02	4200001	4300000	Heterochromatin
ch02	4300001	4400000	Heterochromatin
ch02	4400001	4500000	Heterochromatin
ch02	4500001	4600000	Heterochromatin
ch02	4600001	4700000	Heterochromatin
ch02	4700001	4800000	Heterochromatin
ch02	4800001	4900000	Heterochromatin
ch02	4900001	5000000	Heterochromatin
ch02	5000001	5100000	Heterochromatin
ch02	5100001	5200000	Heterochromatin
ch02	5200001	5300000	Heterochromatin
ch02	5300001	5400000	Heterochromatin
ch02	5400001	5500000	Heterochromatin
ch02	5500001	5600000	Heterochromatin
ch02	5600001	5700000	Heterochromatin
ch02	5700001	5800000	Heterochromatin
ch02	5800001	5900000	Heterochromatin
ch02	5900001	6000000	Heterochromatin
ch02	6000001	6100000	Heterochromatin
ch02	6100001	6200000	Heterochromatin
ch02	6200001	6300000	Heterochromatin
ch02	6300001	6400000	Heterochromatin
ch02	6400001	6500000	Heterochromatin
ch02	6500001	6600000	Heterochromatin
ch02	6600001	6700000	Heterochromatin
ch02	6700001	6800000	Heterochromatin
ch02	6800001	6900000	Heterochromatin
ch02	6900001	7000000	Heterochromatin
ch02	7000001	7100000	Heterochromatin
ch02	7100001	7200000	Heterochromatin
ch02	7200001	7300000	Heterochromatin
ch02	7300001	7400000	Heterochromatin
ch02	7400001	7500000	Heterochromatin
ch02	7500001	7600000	Heterochromatin
ch02	7600001	7700000	Heterochromatin
ch02	7700001	7800000	Heterochromatin
ch02	7800001	7900000	Heterochromatin
ch02	7900001	8000000	Heterochromatin
ch02	8000001	8100000	Heterochromatin
ch02	8100001	8200000	Heterochromatin
ch02	8200001	8300000	Heterochromatin
ch02	8300001	8400000	Heterochromatin
ch02	8400001	8500000	Heterochromatin
ch02	8500001	8600000	Heterochromatin
ch02	8600001	8700000	Heterochromatin
ch02	8700001	8800000	Heterochromatin
ch02	8800001	8900000	Heterochromatin
ch02	8900001	9000000	Heterochromatin
ch02	9000001	9100000	Heterochromatin
ch02	9100001	9200000	Heterochromatin
ch02	9200001	9300000	Heterochromatin
ch02	9300001	9400000	Heterochromatin
ch02	9400001	9500000	Heterochromatin
ch02	9500001	9600000	Heterochromatin
ch02	9600001	9700000	Heterochromatin
ch02	9700001	9800000	Heterochromatin
ch02	9800001	9900000	Heterochromatin
ch02	9900001	10000000	Heterochromatin
ch02	10000001	10100000	Heterochromatin
ch02	10100001	10200000	Heterochromatin
ch02	10200001	10300000	Heterochromatin
ch02	10300001	10400000	Heterochromatin
ch02	10400001	10500000	Heterochromatin
ch02	10500001	10600000	Heterochromatin
ch02	10600001	10700000	Heterochromatin
ch02	10700001	10800000	Heterochromatin
ch02	10800001	10900000	Heterochromatin
ch02	10900001	11000000	Heterochromatin
ch02	11000001	11100000	Heterochromatin
ch02	11100001	11200000	Heterochromatin
ch02	11200001	11300000	Heterochromatin
ch02	11300001	11400000	Heterochromatin
ch02	11400001	11500000	Heterochromatin
ch02	11500001	11600000	Heterochromatin
ch02	11600001	11700000	Heterochromatin
ch02	11700001	11800000	Heterochromatin
ch02	11800001	11900000	Heterochromatin
ch02	11900001	12000000	Heterochromatin
ch02	12000001	12100000	Heterochromatin
ch02	12100001	12200000	Heterochromatin
ch02	12200001	12300000	Heterochromatin
ch02	12300001	12400000	Heterochromatin
ch02	12400001	12500000	Heterochromatin
ch02	12500001	12600000	Heterochromatin
ch02	12600001	12700000	Heterochromatin
ch02	12700001	12800000	Heterochromatin
ch02	12800001	12900000	Heterochromatin
ch02	12900001	13000000	Heterochromatin
ch02	13000001	13100000	Heterochromatin
ch02	13100001	13200000	Heterochromatin
ch02	13200001	13300000	Heterochromatin
ch02	13300001	13400000	Heterochromatin
ch02	13400001	13500000	Heterochromatin
ch02	13500001	13600000	Heterochromatin
ch02	13600001	13700000	Heterochromatin
ch02	13700001	13800000	Heterochromatin
ch02	13800001	13900000	Heterochromatin
ch02	13900001	14000000	Heterochromatin
ch02	14000001	14100000	Heterochromatin
ch02	14100001	14200000	Heterochromatin
ch02	14200001	14300000	Heterochromatin
ch02	14300001	14400000	Heterochromatin
ch02	14400001	14500000	Heterochromatin
ch02	14500001	14600000	Heterochromatin
ch02	14600001	14700000	Heterochromatin
ch02	14700001	14800000	Heterochromatin
ch02	14800001	14900000	Heterochromatin
ch02	14900001	15000000	Heterochromatin
ch02	15000001	15100000	Heterochromatin
ch02	15100001	15200000	Heterochromatin
ch02	15200001	15300000	Heterochromatin
ch02	15300001	15400000	Heterochromatin
ch02	15400001	15500000	Heterochromatin
ch02	15500001	15600000	Heterochromatin
ch02	15600001	15700000	Heterochromatin
ch02	15700001	15800000	Heterochromatin
ch02	15800001	15900000	Heterochromatin
ch02	15900001	16000000	Heterochromatin
ch02	16000001	16100000	Heterochromatin
ch02	16100001	16200000	Heterochromatin
ch02	16200001	16300000	Heterochromatin
ch02	16300001	16400000	Heterochromatin
ch02	16400001	16500000	Heterochromatin
ch02	16500001	16600000	Heterochromatin
ch02	16600001	16700000	Heterochromatin
ch02	16700001	16800000	Heterochromatin
ch02	16800001	16900000	Heterochromatin
ch02	16900001	17000000	Heterochromatin
ch02	17000001	17100000	Heterochromatin
ch02	17100001	17200000	Heterochromatin
ch02	17200001	17300000	Heterochromatin
ch02	17300001	17400000	Heterochromatin
ch02	17400001	17500000	Heterochromatin
ch02	17500001	17600000	Heterochromatin
ch02	17600001	17700000	Heterochromatin
ch02	17700001	17800000	Heterochromatin
ch02	17800001	17900000	Heterochromatin
ch02	17900001	18000000	Heterochromatin
ch02	18000001	18100000	Heterochromatin
ch02	18100001	18200000	Heterochromatin
ch02	18200001	18300000	Heterochromatin
ch02	18300001	18400000	Heterochromatin
ch02	18400001	18500000	Heterochromatin
ch02	18500001	18600000	Heterochromatin
ch02	18600001	18700000	Heterochromatin
ch02	18700001	18800000	Heterochromatin
ch02	18800001	18900000	Heterochromatin
ch02	18900001	19000000	Heterochromatin
ch02	19000001	19100000	Heterochromatin
ch02	19100001	19200000	Heterochromatin
ch02	19200001	19300000	Heterochromatin
ch02	19300001	19400000	Heterochromatin
ch02	19400001	19500000	Heterochromatin
ch02	19500001	19600000	Heterochromatin
ch02	19600001	19700000	Heterochromatin
ch02	19700001	19800000	Heterochromatin
ch02	19800001	19900000	Heterochromatin
ch02	19900001	20000000	Heterochromatin
ch02	20000001	20100000	Heterochromatin
ch02	20100001	20200000	Heterochromatin
ch02	20200001	20300000	Heterochromatin
ch02	20300001	20400000	Heterochromatin
ch02	20400001	20500000	Heterochromatin
ch02	20500001	20600000	Heterochromatin
ch02	20600001	20700000	Heterochromatin
ch02	20700001	20800000	Heterochromatin
ch02	20800001	20900000	Heterochromatin
ch02	20900001	21000000	Heterochromatin
ch02	21000001	21100000	Heterochromatin
ch02	21100001	21200000	Heterochromatin
ch02	21200001	21300000	Heterochromatin
ch02	21300001	21400000	Heterochromatin
ch02	21400001	21500000	Heterochromatin
ch02	21500001	21600000	Heterochromatin
ch02	21600001	21700000	Heterochromatin
ch02	21700001	21800000	Heterochromatin
ch02	21800001	21900000	Heterochromatin
ch02	21900001	22000000	Heterochromatin
ch02	22000001	22100000	Heterochromatin
ch02	22100001	22200000	Heterochromatin
ch02	22200001	22300000	Heterochromatin
ch02	22300001	22400000	Heterochromatin
ch02	22400001	22500000	Heterochromatin
ch02	22500001	22600000	Heterochromatin
ch02	22600001	22700000	Heterochromatin
ch02	22700001	22800000	Heterochromatin
ch02	22800001	22900000	Heterochromatin
ch02	22900001	23000000	Heterochromatin
ch02	23000001	23100000	Heterochromatin
ch02	23100001	23200000	Heterochromatin
ch02	23200001	23300000	Heterochromatin
ch02	23300001	23400000	Heterochromatin
ch02	23400001	23500000	Heterochromatin
ch02	23500001	23600000	Heterochromatin
ch02	23600001	23700000	Heterochromatin
ch02	23700001	23800000	Heterochromatin
ch02	23800001	23900000	Heterochromatin
ch02	23900001	24000000	Heterochromatin
ch02	24000001	24100000	Heterochromatin
ch02	24100001	24200000	Heterochromatin
ch02	24200001	24300000	Heterochromatin
ch02	24300001	24400000	Heterochromatin
ch02	24400001	24500000	Heterochromatin
ch02	24500001	24600000	Heterochromatin
ch02	24600001	24700000	Heterochromatin
ch02	24700001	24800000	Heterochromatin
ch02	24800001	24900000	Heterochromatin
ch02	24900001	25000000	Heterochromatin
ch02	25000001	25100000	Heterochromatin
ch02	25100001	25200000	Heterochromatin
ch02	25200001	25300000	Heterochromatin
ch02	25300001	25400000	Heterochromatin
ch02	25400001	25500000	Heterochromatin
ch02	25500001	25600000	Heterochromatin
ch02	25600001	25700000	Heterochromatin
ch02	25700001	25800000	Heterochromatin
ch02	25800001	25900000	Heterochromatin
ch02	25900001	26000000	Heterochromatin
ch02	26000001	26100000	Heterochromatin
ch02	26100001	26200000	Heterochromatin
ch02	26200001	26300000	Heterochromatin
ch02	26300001	26400000	Heterochromatin
ch02	26400001	26500000	Heterochromatin
ch02	26500001	26600000	Heterochromatin
ch02	26600001	26700000	Heterochromatin
ch02	26700001	26800000	Heterochromatin
ch02	26800001	26900000	Heterochromatin
ch02	26900001	27000000	Heterochromatin
ch02	27000001	27100000	Heterochromatin
ch02	27100001	27200000	Heterochromatin
ch02	27200001	27300000	Heterochromatin
ch02	27300001	27400000	Heterochromatin
ch02	27400001	27500000	Heterochromatin
ch02	27500001	27600000	Heterochromatin
ch02	27600001	27700000	Heterochromatin
ch02	27700001	27800000	Heterochromatin
ch02	27800001	27900000	Heterochromatin
ch02	27900001	28000000	Heterochromatin
ch02	28000001	28100000	Heterochromatin
ch02	28100001	28200000	Heterochromatin
ch02	28200001	28300000	Heterochromatin
ch02	28300001	28400000	Heterochromatin
ch02	28400001	28500000	Heterochromatin
ch02	28500001	28600000	Heterochromatin
ch02	28600001	28700000	Heterochromatin
ch02	28700001	28800000	Heterochromatin
ch02	28800001	28900000	Heterochromatin
ch02	28900001	29000000	Heterochromatin
ch02	29000001	29100000	Heterochromatin
ch02	29100001	29200000	Heterochromatin
ch02	29200001	29300000	Heterochromatin
ch02	29300001	29400000	Heterochromatin
ch02	29400001	29500000	Heterochromatin
ch02	29500001	29600000	Heterochromatin
ch02	29600001	29700000	Heterochromatin
ch02	29700001	29800000	Heterochromatin
ch02	29800001	29900000	Heterochromatin
ch02	29900001	30000000	Heterochromatin
ch02	30000001	30100000	Heterochromatin
ch02	30100001	30200000	Heterochromatin
ch02	30200001	30300000	Heterochromatin
ch02	30300001	30400000	Heterochromatin
ch02	30400001	30500000	Heterochromatin
ch02	30500001	30600000	Heterochromatin
ch02	30600001	30700000	Heterochromatin
ch02	30700001	30800000	Heterochromatin
ch02	30800001	30900000	Heterochromatin
ch02	30900001	31000000	Heterochromatin
ch02	31000001	31100000	Heterochromatin
ch02	31100001	31200000	Heterochromatin
ch02	31200001	31300000	Heterochromatin
ch02	31300001	31400000	Heterochromatin
ch02	31400001	31500000	Heterochromatin
ch02	31500001	31600000	Heterochromatin
ch02	31600001	31700000	Heterochromatin
ch02	31700001	31800000	Heterochromatin
ch02	31800001	31900000	Heterochromatin
ch02	31900001	32000000	Heterochromatin
ch02	32000001	32100000	Heterochromatin
ch02	32100001	32200000	Heterochromatin
ch02	32200001	32300000	Euchromatin
ch02	32300001	32400000	Euchromatin
ch02	32400001	32500000	Euchromatin
ch02	32500001	32600000	Euchromatin
ch02	32600001	32700000	Euchromatin
ch02	32700001	32800000	Euchromatin
ch02	32800001	32900000	Euchromatin
ch02	32900001	33000000	Euchromatin
ch02	33000001	33100000	Euchromatin
ch02	33100001	33200000	Euchromatin
ch02	33200001	33300000	Euchromatin
ch02	33300001	33400000	Euchromatin
ch02	33400001	33500000	Euchromatin
ch02	33500001	33600000	Euchromatin
ch02	33600001	33700000	Euchromatin
ch02	33700001	33800000	Euchromatin
ch02	33800001	33900000	Euchromatin
ch02	33900001	34000000	Euchromatin
ch02	34000001	34100000	Euchromatin
ch02	34100001	34200000	Euchromatin
ch02	34200001	34300000	Euchromatin
ch02	34300001	34400000	Euchromatin
ch02	34400001	34500000	Euchromatin
ch02	34500001	34600000	Euchromatin
ch02	34600001	34700000	Euchromatin
ch02	34700001	34800000	Euchromatin
ch02	34800001	34900000	Euchromatin
ch02	34900001	35000000	Euchromatin
ch02	35000001	35100000	Euchromatin
ch02	35100001	35200000	Euchromatin
ch02	35200001	35300000	Euchromatin
ch02	35300001	35400000	Euchromatin
ch02	35400001	35500000	Euchromatin
ch02	35500001	35600000	Euchromatin
ch02	35600001	35700000	Euchromatin
ch02	35700001	35800000	Euchromatin
ch02	35800001	35900000	Euchromatin
ch02	35900001	36000000	Euchromatin
ch02	36000001	36100000	Euchromatin
ch02	36100001	36200000	Euchromatin
ch02	36200001	36300000	Euchromatin
ch02	36300001	36400000	Euchromatin
ch02	36400001	36500000	Euchromatin
ch02	36500001	36600000	Euchromatin
ch02	36600001	36700000	Euchromatin
ch02	36700001	36800000	Euchromatin
ch02	36800001	36900000	Euchromatin
ch02	36900001	37000000	Euchromatin
ch02	37000001	37100000	Euchromatin
ch02	37100001	37200000	Euchromatin
ch02	37200001	37300000	Euchromatin
ch02	37300001	37400000	Euchromatin
ch02	37400001	37500000	Euchromatin
ch02	37500001	37600000	Euchromatin
ch02	37600001	37700000	Euchromatin
ch02	37700001	37800000	Euchromatin
ch02	37800001	37900000	Euchromatin
ch02	37900001	38000000	Euchromatin
ch02	38000001	38100000	Euchromatin
ch02	38100001	38200000	Euchromatin
ch02	38200001	38300000	Euchromatin
ch02	38300001	38400000	Euchromatin
ch02	38400001	38500000	Euchromatin
ch02	38500001	38600000	Euchromatin
ch02	38600001	38700000	Euchromatin
ch02	38700001	38800000	Euchromatin
ch02	38800001	38900000	Euchromatin
ch02	38900001	39000000	Euchromatin
ch02	39000001	39100000	Euchromatin
ch02	39100001	39200000	Euchromatin
ch02	39200001	39300000	Euchromatin
ch02	39300001	39400000	Euchromatin
ch02	39400001	39500000	Euchromatin
ch02	39500001	39600000	Euchromatin
ch02	39600001	39700000	Euchromatin
ch02	39700001	39800000	Euchromatin
ch02	39800001	39900000	Euchromatin
ch02	39900001	40000000	Euchromatin
ch02	40000001	40100000	Euchromatin
ch02	40100001	40200000	Euchromatin
ch02	40200001	40300000	Euchromatin
ch02	40300001	40400000	Euchromatin
ch02	40400001	40500000	Euchromatin
ch02	40500001	40600000	Euchromatin
ch02	40600001	40700000	Euchromatin
ch02	40700001	40800000	Euchromatin
ch02	40800001	40900000	Euchromatin
ch02	40900001	41000000	Euchromatin
ch02	41000001	41100000	Euchromatin
ch02	41100001	41200000	Euchromatin
ch02	41200001	41300000	Euchromatin
ch02	41300001	41400000	Euchromatin
ch02	41400001	41500000	Euchromatin
ch02	41500001	41600000	Euchromatin
ch02	41600001	41700000	Euchromatin
ch02	41700001	41800000	Euchromatin
ch02	41800001	41900000	Euchromatin
ch02	41900001	42000000	Euchromatin
ch02	42000001	42100000	Euchromatin
ch02	42100001	42200000	Euchromatin
ch02	42200001	42300000	Euchromatin
ch02	42300001	42400000	Euchromatin
ch02	42400001	42500000	Euchromatin
ch02	42500001	42600000	Euchromatin
ch02	42600001	42700000	Euchromatin
ch02	42700001	42800000	Euchromatin
ch02	42800001	42900000	Euchromatin
ch02	42900001	43000000	Euchromatin
ch02	43000001	43100000	Euchromatin
ch02	43100001	43200000	Euchromatin
ch02	43200001	43300000	Euchromatin
ch02	43300001	43400000	Euchromatin
ch02	43400001	43500000	Euchromatin
ch02	43500001	43600000	Euchromatin
ch02	43600001	43700000	Euchromatin
ch02	43700001	43800000	Euchromatin
ch02	43800001	43900000	Euchromatin
ch02	43900001	44000000	Euchromatin
ch02	44000001	44100000	Euchromatin
ch02	44100001	44200000	Euchromatin
ch02	44200001	44300000	Euchromatin
ch02	44300001	44400000	Euchromatin
ch02	44400001	44500000	Euchromatin
ch02	44500001	44600000	Euchromatin
ch02	44600001	44700000	Euchromatin
ch02	44700001	44800000	Euchromatin
ch02	44800001	44900000	Euchromatin
ch02	44900001	45000000	Euchromatin
ch02	45000001	45100000	Euchromatin
ch02	45100001	45200000	Euchromatin
ch02	45200001	45300000	Euchromatin
ch02	45300001	45400000	Euchromatin
ch02	45400001	45500000	Euchromatin
ch02	45500001	45600000	Euchromatin
ch02	45600001	45700000	Euchromatin
ch02	45700001	45800000	Euchromatin
ch02	45800001	45900000	Euchromatin
ch02	45900001	46000000	Euchromatin
ch02	46000001	46100000	Euchromatin
ch02	46100001	46200000	Euchromatin
ch02	46200001	46300000	Euchromatin
ch02	46300001	46400000	Euchromatin
ch02	46400001	46500000	Euchromatin
ch02	46500001	46600000	Euchromatin
ch02	46600001	46700000	Euchromatin
ch02	46700001	46800000	Euchromatin
ch02	46800001	46900000	Euchromatin
ch02	46900001	47000000	Euchromatin
ch02	47000001	47100000	Euchromatin
ch02	47100001	47200000	Euchromatin
ch02	47200001	47300000	Euchromatin
ch02	47300001	47400000	Euchromatin
ch02	47400001	47500000	Euchromatin
ch02	47500001	47600000	Euchromatin
ch02	47600001	47700000	Euchromatin
ch02	47700001	47800000	Euchromatin
ch02	47800001	47900000	Euchromatin
ch02	47900001	48000000	Euchromatin
ch02	48000001	48100000	Euchromatin
ch02	48100001	48200000	Euchromatin
ch02	48200001	48300000	Euchromatin
ch02	48300001	48400000	Euchromatin
ch02	48400001	48500000	Euchromatin
ch02	48500001	48600000	Euchromatin
ch02	48600001	48700000	Euchromatin
ch02	48700001	48800000	Euchromatin
ch02	48800001	48900000	Euchromatin
ch02	48900001	49000000	Euchromatin
ch02	49000001	49100000	Euchromatin
ch02	49100001	49200000	Euchromatin
ch02	49200001	49300000	Euchromatin
ch02	49300001	49400000	Euchromatin
ch02	49400001	49500000	Euchromatin
ch02	49500001	49600000	Euchromatin
ch02	49600001	49700000	Euchromatin
ch02	49700001	49800000	Euchromatin
ch02	49800001	49900000	Euchromatin
ch02	49900001	50000000	Euchromatin
ch02	50000001	50100000	Euchromatin
ch02	50100001	50200000	Euchromatin
ch02	50200001	50300000	Euchromatin
ch02	50300001	50400000	Euchromatin
ch02	50400001	50500000	Euchromatin
ch02	50500001	50600000	Euchromatin
ch02	50600001	50700000	Euchromatin
ch02	50700001	50800000	Euchromatin
ch02	50800001	50900000	Euchromatin
ch02	50900001	51000000	Euchromatin
ch02	51000001	51100000	Euchromatin
ch02	51100001	51200000	Euchromatin
ch02	51200001	51300000	Euchromatin
ch02	51300001	51400000	Euchromatin
ch02	51400001	51500000	Euchromatin
ch02	51500001	51600000	Euchromatin
ch02	51600001	51700000	Euchromatin
ch02	51700001	51800000	Euchromatin
ch02	51800001	51900000	Euchromatin
ch02	51900001	52000000	Euchromatin
ch02	52000001	52100000	Euchromatin
ch02	52100001	52200000	Euchromatin
ch02	52200001	52300000	Euchromatin
ch02	52300001	52400000	Euchromatin
ch02	52400001	52500000	Euchromatin
ch02	52500001	52600000	Euchromatin
ch02	52600001	52700000	Euchromatin
ch02	52700001	52800000	Euchromatin
ch02	52800001	52900000	Euchromatin
ch02	52900001	53000000	Euchromatin
ch02	53000001	53100000	Euchromatin
ch02	53100001	53200000	Euchromatin
ch02	53200001	53300000	Euchromatin
ch02	53300001	53400000	Euchromatin
ch02	53400001	53473368	Euchromatin
ch03	1	100000	Euchromatin
ch03	100001	200000	Euchromatin
ch03	200001	300000	Euchromatin
ch03	300001	400000	Euchromatin
ch03	400001	500000	Euchromatin
ch03	500001	600000	Euchromatin
ch03	600001	700000	Euchromatin
ch03	700001	800000	Euchromatin
ch03	800001	900000	Euchromatin
ch03	900001	1000000	Euchromatin
ch03	1000001	1100000	Euchromatin
ch03	1100001	1200000	Euchromatin
ch03	1200001	1300000	Euchromatin
ch03	1300001	1400000	Euchromatin
ch03	1400001	1500000	Euchromatin
ch03	1500001	1600000	Euchromatin
ch03	1600001	1700000	Euchromatin
ch03	1700001	1800000	Euchromatin
ch03	1800001	1900000	Euchromatin
ch03	1900001	2000000	Euchromatin
ch03	2000001	2100000	Euchromatin
ch03	2100001	2200000	Euchromatin
ch03	2200001	2300000	Euchromatin
ch03	2300001	2400000	Euchromatin
ch03	2400001	2500000	Euchromatin
ch03	2500001	2600000	Euchromatin
ch03	2600001	2700000	Euchromatin
ch03	2700001	2800000	Euchromatin
ch03	2800001	2900000	Euchromatin
ch03	2900001	3000000	Euchromatin
ch03	3000001	3100000	Euchromatin
ch03	3100001	3200000	Euchromatin
ch03	3200001	3300000	Euchromatin
ch03	3300001	3400000	Euchromatin
ch03	3400001	3500000	Euchromatin
ch03	3500001	3600000	Euchromatin
ch03	3600001	3700000	Euchromatin
ch03	3700001	3800000	Euchromatin
ch03	3800001	3900000	Euchromatin
ch03	3900001	4000000	Euchromatin
ch03	4000001	4100000	Euchromatin
ch03	4100001	4200000	Euchromatin
ch03	4200001	4300000	Euchromatin
ch03	4300001	4400000	Euchromatin
ch03	4400001	4500000	Euchromatin
ch03	4500001	4600000	Euchromatin
ch03	4600001	4700000	Euchromatin
ch03	4700001	4800000	Euchromatin
ch03	4800001	4900000	Euchromatin
ch03	4900001	5000000	Euchromatin
ch03	5000001	5100000	Euchromatin
ch03	5100001	5200000	Euchromatin
ch03	5200001	5300000	Euchromatin
ch03	5300001	5400000	Heterochromatin
ch03	5400001	5500000	Heterochromatin
ch03	5500001	5600000	Heterochromatin
ch03	5600001	5700000	Heterochromatin
ch03	5700001	5800000	Heterochromatin
ch03	5800001	5900000	Heterochromatin
ch03	5900001	6000000	Heterochromatin
ch03	6000001	6100000	Heterochromatin
ch03	6100001	6200000	Heterochromatin
ch03	6200001	6300000	Heterochromatin
ch03	6300001	6400000	Heterochromatin
ch03	6400001	6500000	Heterochromatin
ch03	6500001	6600000	Heterochromatin
ch03	6600001	6700000	Heterochromatin
ch03	6700001	6800000	Heterochromatin
ch03	6800001	6900000	Heterochromatin
ch03	6900001	7000000	Heterochromatin
ch03	7000001	7100000	Heterochromatin
ch03	7100001	7200000	Heterochromatin
ch03	7200001	7300000	Heterochromatin
ch03	7300001	7400000	Heterochromatin
ch03	7400001	7500000	Heterochromatin
ch03	7500001	7600000	Heterochromatin
ch03	7600001	7700000	Heterochromatin
ch03	7700001	7800000	Heterochromatin
ch03	7800001	7900000	Heterochromatin
ch03	7900001	8000000	Heterochromatin
ch03	8000001	8100000	Heterochromatin
ch03	8100001	8200000	Heterochromatin
ch03	8200001	8300000	Heterochromatin
ch03	8300001	8400000	Heterochromatin
ch03	8400001	8500000	Heterochromatin
ch03	8500001	8600000	Heterochromatin
ch03	8600001	8700000	Heterochromatin
ch03	8700001	8800000	Heterochromatin
ch03	8800001	8900000	Heterochromatin
ch03	8900001	9000000	Heterochromatin
ch03	9000001	9100000	Heterochromatin
ch03	9100001	9200000	Heterochromatin
ch03	9200001	9300000	Heterochromatin
ch03	9300001	9400000	Heterochromatin
ch03	9400001	9500000	Heterochromatin
ch03	9500001	9600000	Heterochromatin
ch03	9600001	9700000	Heterochromatin
ch03	9700001	9800000	Heterochromatin
ch03	9800001	9900000	Heterochromatin
ch03	9900001	10000000	Heterochromatin
ch03	10000001	10100000	Heterochromatin
ch03	10100001	10200000	Heterochromatin
ch03	10200001	10300000	Heterochromatin
ch03	10300001	10400000	Heterochromatin
ch03	10400001	10500000	Heterochromatin
ch03	10500001	10600000	Heterochromatin
ch03	10600001	10700000	Heterochromatin
ch03	10700001	10800000	Heterochromatin
ch03	10800001	10900000	Heterochromatin
ch03	10900001	11000000	Heterochromatin
ch03	11000001	11100000	Heterochromatin
ch03	11100001	11200000	Heterochromatin
ch03	11200001	11300000	Heterochromatin
ch03	11300001	11400000	Heterochromatin
ch03	11400001	11500000	Heterochromatin
ch03	11500001	11600000	Heterochromatin
ch03	11600001	11700000	Heterochromatin
ch03	11700001	11800000	Heterochromatin
ch03	11800001	11900000	Heterochromatin
ch03	11900001	12000000	Heterochromatin
ch03	12000001	12100000	Heterochromatin
ch03	12100001	12200000	Heterochromatin
ch03	12200001	12300000	Heterochromatin
ch03	12300001	12400000	Heterochromatin
ch03	12400001	12500000	Heterochromatin
ch03	12500001	12600000	Heterochromatin
ch03	12600001	12700000	Heterochromatin
ch03	12700001	12800000	Heterochromatin
ch03	12800001	12900000	Heterochromatin
ch03	12900001	13000000	Heterochromatin
ch03	13000001	13100000	Heterochromatin
ch03	13100001	13200000	Heterochromatin
ch03	13200001	13300000	Heterochromatin
ch03	13300001	13400000	Heterochromatin
ch03	13400001	13500000	Heterochromatin
ch03	13500001	13600000	Heterochromatin
ch03	13600001	13700000	Heterochromatin
ch03	13700001	13800000	Heterochromatin
ch03	13800001	13900000	Heterochromatin
ch03	13900001	14000000	Heterochromatin
ch03	14000001	14100000	Heterochromatin
ch03	14100001	14200000	Heterochromatin
ch03	14200001	14300000	Heterochromatin
ch03	14300001	14400000	Heterochromatin
ch03	14400001	14500000	Heterochromatin
ch03	14500001	14600000	Heterochromatin
ch03	14600001	14700000	Heterochromatin
ch03	14700001	14800000	Heterochromatin
ch03	14800001	14900000	Heterochromatin
ch03	14900001	15000000	Heterochromatin
ch03	15000001	15100000	Heterochromatin
ch03	15100001	15200000	Heterochromatin
ch03	15200001	15300000	Heterochromatin
ch03	15300001	15400000	Heterochromatin
ch03	15400001	15500000	Heterochromatin
ch03	15500001	15600000	Heterochromatin
ch03	15600001	15700000	Heterochromatin
ch03	15700001	15800000	Heterochromatin
ch03	15800001	15900000	Heterochromatin
ch03	15900001	16000000	Heterochromatin
ch03	16000001	16100000	Heterochromatin
ch03	16100001	16200000	Heterochromatin
ch03	16200001	16300000	Heterochromatin
ch03	16300001	16400000	Heterochromatin
ch03	16400001	16500000	Heterochromatin
ch03	16500001	16600000	Heterochromatin
ch03	16600001	16700000	Heterochromatin
ch03	16700001	16800000	Heterochromatin
ch03	16800001	16900000	Heterochromatin
ch03	16900001	17000000	Heterochromatin
ch03	17000001	17100000	Heterochromatin
ch03	17100001	17200000	Heterochromatin
ch03	17200001	17300000	Heterochromatin
ch03	17300001	17400000	Heterochromatin
ch03	17400001	17500000	Heterochromatin
ch03	17500001	17600000	Heterochromatin
ch03	17600001	17700000	Heterochromatin
ch03	17700001	17800000	Heterochromatin
ch03	17800001	17900000	Heterochromatin
ch03	17900001	18000000	Heterochromatin
ch03	18000001	18100000	Heterochromatin
ch03	18100001	18200000	Heterochromatin
ch03	18200001	18300000	Heterochromatin
ch03	18300001	18400000	Heterochromatin
ch03	18400001	18500000	Heterochromatin
ch03	18500001	18600000	Heterochromatin
ch03	18600001	18700000	Heterochromatin
ch03	18700001	18800000	Heterochromatin
ch03	18800001	18900000	Heterochromatin
ch03	18900001	19000000	Heterochromatin
ch03	19000001	19100000	Heterochromatin
ch03	19100001	19200000	Heterochromatin
ch03	19200001	19300000	Heterochromatin
ch03	19300001	19400000	Heterochromatin
ch03	19400001	19500000	Heterochromatin
ch03	19500001	19600000	Heterochromatin
ch03	19600001	19700000	Heterochromatin
ch03	19700001	19800000	Heterochromatin
ch03	19800001	19900000	Heterochromatin
ch03	19900001	20000000	Heterochromatin
ch03	20000001	20100000	Heterochromatin
ch03	20100001	20200000	Heterochromatin
ch03	20200001	20300000	Heterochromatin
ch03	20300001	20400000	Heterochromatin
ch03	20400001	20500000	Heterochromatin
ch03	20500001	20600000	Heterochromatin
ch03	20600001	20700000	Heterochromatin
ch03	20700001	20800000	Heterochromatin
ch03	20800001	20900000	Heterochromatin
ch03	20900001	21000000	Heterochromatin
ch03	21000001	21100000	Heterochromatin
ch03	21100001	21200000	Heterochromatin
ch03	21200001	21300000	Heterochromatin
ch03	21300001	21400000	Heterochromatin
ch03	21400001	21500000	Heterochromatin
ch03	21500001	21600000	Heterochromatin
ch03	21600001	21700000	Heterochromatin
ch03	21700001	21800000	Heterochromatin
ch03	21800001	21900000	Heterochromatin
ch03	21900001	22000000	Heterochromatin
ch03	22000001	22100000	Heterochromatin
ch03	22100001	22200000	Heterochromatin
ch03	22200001	22300000	Heterochromatin
ch03	22300001	22400000	Heterochromatin
ch03	22400001	22500000	Heterochromatin
ch03	22500001	22600000	Heterochromatin
ch03	22600001	22700000	Heterochromatin
ch03	22700001	22800000	Heterochromatin
ch03	22800001	22900000	Heterochromatin
ch03	22900001	23000000	Heterochromatin
ch03	23000001	23100000	Heterochromatin
ch03	23100001	23200000	Heterochromatin
ch03	23200001	23300000	Heterochromatin
ch03	23300001	23400000	Heterochromatin
ch03	23400001	23500000	Heterochromatin
ch03	23500001	23600000	Heterochromatin
ch03	23600001	23700000	Heterochromatin
ch03	23700001	23800000	Heterochromatin
ch03	23800001	23900000	Heterochromatin
ch03	23900001	24000000	Heterochromatin
ch03	24000001	24100000	Heterochromatin
ch03	24100001	24200000	Heterochromatin
ch03	24200001	24300000	Heterochromatin
ch03	24300001	24400000	Heterochromatin
ch03	24400001	24500000	Heterochromatin
ch03	24500001	24600000	Heterochromatin
ch03	24600001	24700000	Heterochromatin
ch03	24700001	24800000	Heterochromatin
ch03	24800001	24900000	Heterochromatin
ch03	24900001	25000000	Heterochromatin
ch03	25000001	25100000	Heterochromatin
ch03	25100001	25200000	Heterochromatin
ch03	25200001	25300000	Heterochromatin
ch03	25300001	25400000	Heterochromatin
ch03	25400001	25500000	Heterochromatin
ch03	25500001	25600000	Heterochromatin
ch03	25600001	25700000	Heterochromatin
ch03	25700001	25800000	Heterochromatin
ch03	25800001	25900000	Heterochromatin
ch03	25900001	26000000	Heterochromatin
ch03	26000001	26100000	Heterochromatin
ch03	26100001	26200000	Heterochromatin
ch03	26200001	26300000	Heterochromatin
ch03	26300001	26400000	Heterochromatin
ch03	26400001	26500000	Heterochromatin
ch03	26500001	26600000	Heterochromatin
ch03	26600001	26700000	Heterochromatin
ch03	26700001	26800000	Heterochromatin
ch03	26800001	26900000	Heterochromatin
ch03	26900001	27000000	Heterochromatin
ch03	27000001	27100000	Heterochromatin
ch03	27100001	27200000	Heterochromatin
ch03	27200001	27300000	Heterochromatin
ch03	27300001	27400000	Heterochromatin
ch03	27400001	27500000	Heterochromatin
ch03	27500001	27600000	Heterochromatin
ch03	27600001	27700000	Heterochromatin
ch03	27700001	27800000	Heterochromatin
ch03	27800001	27900000	Heterochromatin
ch03	27900001	28000000	Heterochromatin
ch03	28000001	28100000	Heterochromatin
ch03	28100001	28200000	Heterochromatin
ch03	28200001	28300000	Heterochromatin
ch03	28300001	28400000	Heterochromatin
ch03	28400001	28500000	Heterochromatin
ch03	28500001	28600000	Heterochromatin
ch03	28600001	28700000	Heterochromatin
ch03	28700001	28800000	Heterochromatin
ch03	28800001	28900000	Heterochromatin
ch03	28900001	29000000	Heterochromatin
ch03	29000001	29100000	Heterochromatin
ch03	29100001	29200000	Heterochromatin
ch03	29200001	29300000	Heterochromatin
ch03	29300001	29400000	Heterochromatin
ch03	29400001	29500000	Heterochromatin
ch03	29500001	29600000	Heterochromatin
ch03	29600001	29700000	Heterochromatin
ch03	29700001	29800000	Heterochromatin
ch03	29800001	29900000	Heterochromatin
ch03	29900001	30000000	Heterochromatin
ch03	30000001	30100000	Heterochromatin
ch03	30100001	30200000	Heterochromatin
ch03	30200001	30300000	Heterochromatin
ch03	30300001	30400000	Heterochromatin
ch03	30400001	30500000	Heterochromatin
ch03	30500001	30600000	Heterochromatin
ch03	30600001	30700000	Heterochromatin
ch03	30700001	30800000	Heterochromatin
ch03	30800001	30900000	Heterochromatin
ch03	30900001	31000000	Heterochromatin
ch03	31000001	31100000	Heterochromatin
ch03	31100001	31200000	Heterochromatin
ch03	31200001	31300000	Heterochromatin
ch03	31300001	31400000	Heterochromatin
ch03	31400001	31500000	Heterochromatin
ch03	31500001	31600000	Heterochromatin
ch03	31600001	31700000	Heterochromatin
ch03	31700001	31800000	Heterochromatin
ch03	31800001	31900000	Heterochromatin
ch03	31900001	32000000	Heterochromatin
ch03	32000001	32100000	Heterochromatin
ch03	32100001	32200000	Heterochromatin
ch03	32200001	32300000	Heterochromatin
ch03	32300001	32400000	Heterochromatin
ch03	32400001	32500000	Heterochromatin
ch03	32500001	32600000	Heterochromatin
ch03	32600001	32700000	Heterochromatin
ch03	32700001	32800000	Heterochromatin
ch03	32800001	32900000	Heterochromatin
ch03	32900001	33000000	Heterochromatin
ch03	33000001	33100000	Heterochromatin
ch03	33100001	33200000	Heterochromatin
ch03	33200001	33300000	Heterochromatin
ch03	33300001	33400000	Heterochromatin
ch03	33400001	33500000	Heterochromatin
ch03	33500001	33600000	Heterochromatin
ch03	33600001	33700000	Heterochromatin
ch03	33700001	33800000	Heterochromatin
ch03	33800001	33900000	Heterochromatin
ch03	33900001	34000000	Heterochromatin
ch03	34000001	34100000	Heterochromatin
ch03	34100001	34200000	Heterochromatin
ch03	34200001	34300000	Heterochromatin
ch03	34300001	34400000	Heterochromatin
ch03	34400001	34500000	Heterochromatin
ch03	34500001	34600000	Heterochromatin
ch03	34600001	34700000	Heterochromatin
ch03	34700001	34800000	Heterochromatin
ch03	34800001	34900000	Heterochromatin
ch03	34900001	35000000	Heterochromatin
ch03	35000001	35100000	Heterochromatin
ch03	35100001	35200000	Heterochromatin
ch03	35200001	35300000	Heterochromatin
ch03	35300001	35400000	Heterochromatin
ch03	35400001	35500000	Heterochromatin
ch03	35500001	35600000	Heterochromatin
ch03	35600001	35700000	Heterochromatin
ch03	35700001	35800000	Heterochromatin
ch03	35800001	35900000	Heterochromatin
ch03	35900001	36000000	Heterochromatin
ch03	36000001	36100000	Heterochromatin
ch03	36100001	36200000	Heterochromatin
ch03	36200001	36300000	Heterochromatin
ch03	36300001	36400000	Heterochromatin
ch03	36400001	36500000	Heterochromatin
ch03	36500001	36600000	Heterochromatin
ch03	36600001	36700000	Heterochromatin
ch03	36700001	36800000	Heterochromatin
ch03	36800001	36900000	Heterochromatin
ch03	36900001	37000000	Heterochromatin
ch03	37000001	37100000	Heterochromatin
ch03	37100001	37200000	Heterochromatin
ch03	37200001	37300000	Heterochromatin
ch03	37300001	37400000	Heterochromatin
ch03	37400001	37500000	Heterochromatin
ch03	37500001	37600000	Heterochromatin
ch03	37600001	37700000	Heterochromatin
ch03	37700001	37800000	Heterochromatin
ch03	37800001	37900000	Heterochromatin
ch03	37900001	38000000	Heterochromatin
ch03	38000001	38100000	Heterochromatin
ch03	38100001	38200000	Heterochromatin
ch03	38200001	38300000	Heterochromatin
ch03	38300001	38400000	Heterochromatin
ch03	38400001	38500000	Heterochromatin
ch03	38500001	38600000	Heterochromatin
ch03	38600001	38700000	Heterochromatin
ch03	38700001	38800000	Heterochromatin
ch03	38800001	38900000	Heterochromatin
ch03	38900001	39000000	Heterochromatin
ch03	39000001	39100000	Heterochromatin
ch03	39100001	39200000	Heterochromatin
ch03	39200001	39300000	Heterochromatin
ch03	39300001	39400000	Heterochromatin
ch03	39400001	39500000	Heterochromatin
ch03	39500001	39600000	Heterochromatin
ch03	39600001	39700000	Heterochromatin
ch03	39700001	39800000	Heterochromatin
ch03	39800001	39900000	Heterochromatin
ch03	39900001	40000000	Heterochromatin
ch03	40000001	40100000	Heterochromatin
ch03	40100001	40200000	Heterochromatin
ch03	40200001	40300000	Heterochromatin
ch03	40300001	40400000	Heterochromatin
ch03	40400001	40500000	Heterochromatin
ch03	40500001	40600000	Heterochromatin
ch03	40600001	40700000	Heterochromatin
ch03	40700001	40800000	Heterochromatin
ch03	40800001	40900000	Heterochromatin
ch03	40900001	41000000	Heterochromatin
ch03	41000001	41100000	Heterochromatin
ch03	41100001	41200000	Heterochromatin
ch03	41200001	41300000	Heterochromatin
ch03	41300001	41400000	Heterochromatin
ch03	41400001	41500000	Heterochromatin
ch03	41500001	41600000	Heterochromatin
ch03	41600001	41700000	Heterochromatin
ch03	41700001	41800000	Heterochromatin
ch03	41800001	41900000	Heterochromatin
ch03	41900001	42000000	Heterochromatin
ch03	42000001	42100000	Heterochromatin
ch03	42100001	42200000	Heterochromatin
ch03	42200001	42300000	Heterochromatin
ch03	42300001	42400000	Heterochromatin
ch03	42400001	42500000	Heterochromatin
ch03	42500001	42600000	Heterochromatin
ch03	42600001	42700000	Heterochromatin
ch03	42700001	42800000	Heterochromatin
ch03	42800001	42900000	Heterochromatin
ch03	42900001	43000000	Heterochromatin
ch03	43000001	43100000	Heterochromatin
ch03	43100001	43200000	Heterochromatin
ch03	43200001	43300000	Heterochromatin
ch03	43300001	43400000	Heterochromatin
ch03	43400001	43500000	Heterochromatin
ch03	43500001	43600000	Heterochromatin
ch03	43600001	43700000	Heterochromatin
ch03	43700001	43800000	Heterochromatin
ch03	43800001	43900000	Heterochromatin
ch03	43900001	44000000	Heterochromatin
ch03	44000001	44100000	Heterochromatin
ch03	44100001	44200000	Heterochromatin
ch03	44200001	44300000	Heterochromatin
ch03	44300001	44400000	Heterochromatin
ch03	44400001	44500000	Heterochromatin
ch03	44500001	44600000	Heterochromatin
ch03	44600001	44700000	Heterochromatin
ch03	44700001	44800000	Heterochromatin
ch03	44800001	44900000	Heterochromatin
ch03	44900001	45000000	Heterochromatin
ch03	45000001	45100000	Heterochromatin
ch03	45100001	45200000	Heterochromatin
ch03	45200001	45300000	Heterochromatin
ch03	45300001	45400000	Heterochromatin
ch03	45400001	45500000	Heterochromatin
ch03	45500001	45600000	Heterochromatin
ch03	45600001	45700000	Heterochromatin
ch03	45700001	45800000	Heterochromatin
ch03	45800001	45900000	Heterochromatin
ch03	45900001	46000000	Heterochromatin
ch03	46000001	46100000	Heterochromatin
ch03	46100001	46200000	Euchromatin
ch03	46200001	46300000	Euchromatin
ch03	46300001	46400000	Euchromatin
ch03	46400001	46500000	Euchromatin
ch03	46500001	46600000	Euchromatin
ch03	46600001	46700000	Euchromatin
ch03	46700001	46800000	Euchromatin
ch03	46800001	46900000	Euchromatin
ch03	46900001	47000000	Euchromatin
ch03	47000001	47100000	Euchromatin
ch03	47100001	47200000	Euchromatin
ch03	47200001	47300000	Euchromatin
ch03	47300001	47400000	Euchromatin
ch03	47400001	47500000	Euchromatin
ch03	47500001	47600000	Euchromatin
ch03	47600001	47700000	Euchromatin
ch03	47700001	47800000	Euchromatin
ch03	47800001	47900000	Euchromatin
ch03	47900001	48000000	Euchromatin
ch03	48000001	48100000	Euchromatin
ch03	48100001	48200000	Euchromatin
ch03	48200001	48300000	Euchromatin
ch03	48300001	48400000	Euchromatin
ch03	48400001	48500000	Euchromatin
ch03	48500001	48600000	Euchromatin
ch03	48600001	48700000	Euchromatin
ch03	48700001	48800000	Euchromatin
ch03	48800001	48900000	Heterochromatin
ch03	48900001	49000000	Heterochromatin
ch03	49000001	49100000	Heterochromatin
ch03	49100001	49200000	Heterochromatin
ch03	49200001	49300000	Heterochromatin
ch03	49300001	49400000	Heterochromatin
ch03	49400001	49500000	Heterochromatin
ch03	49500001	49600000	Heterochromatin
ch03	49600001	49700000	Heterochromatin
ch03	49700001	49800000	Heterochromatin
ch03	49800001	49900000	Heterochromatin
ch03	49900001	50000000	Heterochromatin
ch03	50000001	50100000	Heterochromatin
ch03	50100001	50200000	Heterochromatin
ch03	50200001	50300000	Heterochromatin
ch03	50300001	50400000	Heterochromatin
ch03	50400001	50500000	Heterochromatin
ch03	50500001	50600000	Heterochromatin
ch03	50600001	50700000	Heterochromatin
ch03	50700001	50800000	Heterochromatin
ch03	50800001	50900000	Heterochromatin
ch03	50900001	51000000	Heterochromatin
ch03	51000001	51100000	Heterochromatin
ch03	51100001	51200000	Heterochromatin
ch03	51200001	51300000	Heterochromatin
ch03	51300001	51400000	Heterochromatin
ch03	51400001	51500000	Heterochromatin
ch03	51500001	51600000	Heterochromatin
ch03	51600001	51700000	Heterochromatin
ch03	51700001	51800000	Heterochromatin
ch03	51800001	51900000	Heterochromatin
ch03	51900001	52000000	Heterochromatin
ch03	52000001	52100000	Heterochromatin
ch03	52100001	52200000	Heterochromatin
ch03	52200001	52300000	Heterochromatin
ch03	52300001	52400000	Heterochromatin
ch03	52400001	52500000	Heterochromatin
ch03	52500001	52600000	Heterochromatin
ch03	52600001	52700000	Heterochromatin
ch03	52700001	52800000	Heterochromatin
ch03	52800001	52900000	Heterochromatin
ch03	52900001	53000000	Heterochromatin
ch03	53000001	53100000	Heterochromatin
ch03	53100001	53200000	Heterochromatin
ch03	53200001	53300000	Heterochromatin
ch03	53300001	53400000	Heterochromatin
ch03	53400001	53500000	Euchromatin
ch03	53500001	53600000	Euchromatin
ch03	53600001	53700000	Euchromatin
ch03	53700001	53800000	Euchromatin
ch03	53800001	53900000	Euchromatin
ch03	53900001	54000000	Euchromatin
ch03	54000001	54100000	Euchromatin
ch03	54100001	54200000	Euchromatin
ch03	54200001	54300000	Euchromatin
ch03	54300001	54400000	Euchromatin
ch03	54400001	54500000	Euchromatin
ch03	54500001	54600000	Euchromatin
ch03	54600001	54700000	Euchromatin
ch03	54700001	54800000	Euchromatin
ch03	54800001	54900000	Euchromatin
ch03	54900001	55000000	Euchromatin
ch03	55000001	55100000	Euchromatin
ch03	55100001	55200000	Euchromatin
ch03	55200001	55300000	Euchromatin
ch03	55300001	55400000	Euchromatin
ch03	55400001	55500000	Euchromatin
ch03	55500001	55600000	Euchromatin
ch03	55600001	55700000	Euchromatin
ch03	55700001	55800000	Euchromatin
ch03	55800001	55900000	Euchromatin
ch03	55900001	56000000	Euchromatin
ch03	56000001	56100000	Euchromatin
ch03	56100001	56200000	Euchromatin
ch03	56200001	56300000	Euchromatin
ch03	56300001	56400000	Euchromatin
ch03	56400001	56500000	Euchromatin
ch03	56500001	56600000	Euchromatin
ch03	56600001	56700000	Euchromatin
ch03	56700001	56800000	Euchromatin
ch03	56800001	56900000	Euchromatin
ch03	56900001	57000000	Euchromatin
ch03	57000001	57100000	Euchromatin
ch03	57100001	57200000	Euchromatin
ch03	57200001	57300000	Euchromatin
ch03	57300001	57400000	Euchromatin
ch03	57400001	57500000	Euchromatin
ch03	57500001	57600000	Euchromatin
ch03	57600001	57700000	Euchromatin
ch03	57700001	57800000	Euchromatin
ch03	57800001	57900000	Euchromatin
ch03	57900001	58000000	Euchromatin
ch03	58000001	58100000	Euchromatin
ch03	58100001	58200000	Euchromatin
ch03	58200001	58300000	Euchromatin
ch03	58300001	58400000	Euchromatin
ch03	58400001	58500000	Euchromatin
ch03	58500001	58600000	Euchromatin
ch03	58600001	58700000	Euchromatin
ch03	58700001	58800000	Euchromatin
ch03	58800001	58900000	Euchromatin
ch03	58900001	59000000	Euchromatin
ch03	59000001	59100000	Euchromatin
ch03	59100001	59200000	Euchromatin
ch03	59200001	59300000	Euchromatin
ch03	59300001	59400000	Euchromatin
ch03	59400001	59500000	Euchromatin
ch03	59500001	59600000	Euchromatin
ch03	59600001	59700000	Euchromatin
ch03	59700001	59800000	Euchromatin
ch03	59800001	59900000	Euchromatin
ch03	59900001	60000000	Euchromatin
ch03	60000001	60100000	Euchromatin
ch03	60100001	60200000	Euchromatin
ch03	60200001	60300000	Euchromatin
ch03	60300001	60400000	Euchromatin
ch03	60400001	60500000	Euchromatin
ch03	60500001	60600000	Euchromatin
ch03	60600001	60700000	Euchromatin
ch03	60700001	60800000	Euchromatin
ch03	60800001	60900000	Euchromatin
ch03	60900001	61000000	Euchromatin
ch03	61000001	61100000	Euchromatin
ch03	61100001	61200000	Euchromatin
ch03	61200001	61300000	Euchromatin
ch03	61300001	61400000	Euchromatin
ch03	61400001	61500000	Euchromatin
ch03	61500001	61600000	Euchromatin
ch03	61600001	61700000	Euchromatin
ch03	61700001	61800000	Euchromatin
ch03	61800001	61900000	Euchromatin
ch03	61900001	62000000	Euchromatin
ch03	62000001	62100000	Euchromatin
ch03	62100001	62200000	Euchromatin
ch03	62200001	62300000	Euchromatin
ch03	62300001	62400000	Euchromatin
ch03	62400001	62500000	Euchromatin
ch03	62500001	62600000	Euchromatin
ch03	62600001	62700000	Euchromatin
ch03	62700001	62800000	Euchromatin
ch03	62800001	62900000	Euchromatin
ch03	62900001	63000000	Euchromatin
ch03	63000001	63100000	Euchromatin
ch03	63100001	63200000	Euchromatin
ch03	63200001	63300000	Euchromatin
ch03	63300001	63400000	Euchromatin
ch03	63400001	63500000	Euchromatin
ch03	63500001	63600000	Euchromatin
ch03	63600001	63700000	Euchromatin
ch03	63700001	63800000	Euchromatin
ch03	63800001	63900000	Euchromatin
ch03	63900001	64000000	Euchromatin
ch03	64000001	64100000	Euchromatin
ch03	64100001	64200000	Euchromatin
ch03	64200001	64300000	Euchromatin
ch03	64300001	64400000	Euchromatin
ch03	64400001	64500000	Euchromatin
ch03	64500001	64600000	Euchromatin
ch03	64600001	64700000	Euchromatin
ch03	64700001	64800000	Euchromatin
ch03	64800001	64900000	Euchromatin
ch03	64900001	65000000	Euchromatin
ch03	65000001	65100000	Euchromatin
ch03	65100001	65200000	Euchromatin
ch03	65200001	65298490	Euchromatin
ch04	1	100000	Euchromatin
ch04	100001	200000	Euchromatin
ch04	200001	300000	Euchromatin
ch04	300001	400000	Euchromatin
ch04	400001	500000	Euchromatin
ch04	500001	600000	Euchromatin
ch04	600001	700000	Euchromatin
ch04	700001	800000	Euchromatin
ch04	800001	900000	Euchromatin
ch04	900001	1000000	Euchromatin
ch04	1000001	1100000	Euchromatin
ch04	1100001	1200000	Euchromatin
ch04	1200001	1300000	Euchromatin
ch04	1300001	1400000	Euchromatin
ch04	1400001	1500000	Euchromatin
ch04	1500001	1600000	Euchromatin
ch04	1600001	1700000	Euchromatin
ch04	1700001	1800000	Euchromatin
ch04	1800001	1900000	Euchromatin
ch04	1900001	2000000	Euchromatin
ch04	2000001	2100000	Euchromatin
ch04	2100001	2200000	Euchromatin
ch04	2200001	2300000	Euchromatin
ch04	2300001	2400000	Euchromatin
ch04	2400001	2500000	Euchromatin
ch04	2500001	2600000	Euchromatin
ch04	2600001	2700000	Euchromatin
ch04	2700001	2800000	Euchromatin
ch04	2800001	2900000	Euchromatin
ch04	2900001	3000000	Euchromatin
ch04	3000001	3100000	Euchromatin
ch04	3100001	3200000	Euchromatin
ch04	3200001	3300000	Euchromatin
ch04	3300001	3400000	Euchromatin
ch04	3400001	3500000	Euchromatin
ch04	3500001	3600000	Euchromatin
ch04	3600001	3700000	Euchromatin
ch04	3700001	3800000	Euchromatin
ch04	3800001	3900000	Euchromatin
ch04	3900001	4000000	Euchromatin
ch04	4000001	4100000	Euchromatin
ch04	4100001	4200000	Euchromatin
ch04	4200001	4300000	Euchromatin
ch04	4300001	4400000	Euchromatin
ch04	4400001	4500000	Euchromatin
ch04	4500001	4600000	Euchromatin
ch04	4600001	4700000	Euchromatin
ch04	4700001	4800000	Euchromatin
ch04	4800001	4900000	Euchromatin
ch04	4900001	5000000	Euchromatin
ch04	5000001	5100000	Euchromatin
ch04	5100001	5200000	Euchromatin
ch04	5200001	5300000	Euchromatin
ch04	5300001	5400000	Euchromatin
ch04	5400001	5500000	Euchromatin
ch04	5500001	5600000	Euchromatin
ch04	5600001	5700000	Euchromatin
ch04	5700001	5800000	Heterochromatin
ch04	5800001	5900000	Heterochromatin
ch04	5900001	6000000	Heterochromatin
ch04	6000001	6100000	Heterochromatin
ch04	6100001	6200000	Heterochromatin
ch04	6200001	6300000	Heterochromatin
ch04	6300001	6400000	Heterochromatin
ch04	6400001	6500000	Heterochromatin
ch04	6500001	6600000	Heterochromatin
ch04	6600001	6700000	Heterochromatin
ch04	6700001	6800000	Heterochromatin
ch04	6800001	6900000	Heterochromatin
ch04	6900001	7000000	Heterochromatin
ch04	7000001	7100000	Heterochromatin
ch04	7100001	7200000	Heterochromatin
ch04	7200001	7300000	Heterochromatin
ch04	7300001	7400000	Heterochromatin
ch04	7400001	7500000	Heterochromatin
ch04	7500001	7600000	Heterochromatin
ch04	7600001	7700000	Heterochromatin
ch04	7700001	7800000	Heterochromatin
ch04	7800001	7900000	Heterochromatin
ch04	7900001	8000000	Heterochromatin
ch04	8000001	8100000	Heterochromatin
ch04	8100001	8200000	Heterochromatin
ch04	8200001	8300000	Heterochromatin
ch04	8300001	8400000	Heterochromatin
ch04	8400001	8500000	Heterochromatin
ch04	8500001	8600000	Heterochromatin
ch04	8600001	8700000	Heterochromatin
ch04	8700001	8800000	Heterochromatin
ch04	8800001	8900000	Heterochromatin
ch04	8900001	9000000	Heterochromatin
ch04	9000001	9100000	Heterochromatin
ch04	9100001	9200000	Heterochromatin
ch04	9200001	9300000	Heterochromatin
ch04	9300001	9400000	Heterochromatin
ch04	9400001	9500000	Heterochromatin
ch04	9500001	9600000	Heterochromatin
ch04	9600001	9700000	Heterochromatin
ch04	9700001	9800000	Heterochromatin
ch04	9800001	9900000	Heterochromatin
ch04	9900001	10000000	Heterochromatin
ch04	10000001	10100000	Heterochromatin
ch04	10100001	10200000	Heterochromatin
ch04	10200001	10300000	Heterochromatin
ch04	10300001	10400000	Heterochromatin
ch04	10400001	10500000	Heterochromatin
ch04	10500001	10600000	Heterochromatin
ch04	10600001	10700000	Heterochromatin
ch04	10700001	10800000	Heterochromatin
ch04	10800001	10900000	Heterochromatin
ch04	10900001	11000000	Heterochromatin
ch04	11000001	11100000	Heterochromatin
ch04	11100001	11200000	Heterochromatin
ch04	11200001	11300000	Heterochromatin
ch04	11300001	11400000	Heterochromatin
ch04	11400001	11500000	Heterochromatin
ch04	11500001	11600000	Heterochromatin
ch04	11600001	11700000	Heterochromatin
ch04	11700001	11800000	Heterochromatin
ch04	11800001	11900000	Heterochromatin
ch04	11900001	12000000	Heterochromatin
ch04	12000001	12100000	Heterochromatin
ch04	12100001	12200000	Heterochromatin
ch04	12200001	12300000	Heterochromatin
ch04	12300001	12400000	Heterochromatin
ch04	12400001	12500000	Heterochromatin
ch04	12500001	12600000	Heterochromatin
ch04	12600001	12700000	Heterochromatin
ch04	12700001	12800000	Heterochromatin
ch04	12800001	12900000	Heterochromatin
ch04	12900001	13000000	Heterochromatin
ch04	13000001	13100000	Heterochromatin
ch04	13100001	13200000	Heterochromatin
ch04	13200001	13300000	Heterochromatin
ch04	13300001	13400000	Heterochromatin
ch04	13400001	13500000	Heterochromatin
ch04	13500001	13600000	Heterochromatin
ch04	13600001	13700000	Heterochromatin
ch04	13700001	13800000	Heterochromatin
ch04	13800001	13900000	Heterochromatin
ch04	13900001	14000000	Heterochromatin
ch04	14000001	14100000	Heterochromatin
ch04	14100001	14200000	Heterochromatin
ch04	14200001	14300000	Heterochromatin
ch04	14300001	14400000	Heterochromatin
ch04	14400001	14500000	Heterochromatin
ch04	14500001	14600000	Heterochromatin
ch04	14600001	14700000	Heterochromatin
ch04	14700001	14800000	Heterochromatin
ch04	14800001	14900000	Heterochromatin
ch04	14900001	15000000	Heterochromatin
ch04	15000001	15100000	Heterochromatin
ch04	15100001	15200000	Heterochromatin
ch04	15200001	15300000	Heterochromatin
ch04	15300001	15400000	Heterochromatin
ch04	15400001	15500000	Heterochromatin
ch04	15500001	15600000	Heterochromatin
ch04	15600001	15700000	Heterochromatin
ch04	15700001	15800000	Heterochromatin
ch04	15800001	15900000	Heterochromatin
ch04	15900001	16000000	Heterochromatin
ch04	16000001	16100000	Heterochromatin
ch04	16100001	16200000	Heterochromatin
ch04	16200001	16300000	Heterochromatin
ch04	16300001	16400000	Heterochromatin
ch04	16400001	16500000	Heterochromatin
ch04	16500001	16600000	Heterochromatin
ch04	16600001	16700000	Heterochromatin
ch04	16700001	16800000	Heterochromatin
ch04	16800001	16900000	Heterochromatin
ch04	16900001	17000000	Heterochromatin
ch04	17000001	17100000	Heterochromatin
ch04	17100001	17200000	Heterochromatin
ch04	17200001	17300000	Heterochromatin
ch04	17300001	17400000	Heterochromatin
ch04	17400001	17500000	Heterochromatin
ch04	17500001	17600000	Heterochromatin
ch04	17600001	17700000	Heterochromatin
ch04	17700001	17800000	Heterochromatin
ch04	17800001	17900000	Heterochromatin
ch04	17900001	18000000	Heterochromatin
ch04	18000001	18100000	Heterochromatin
ch04	18100001	18200000	Heterochromatin
ch04	18200001	18300000	Heterochromatin
ch04	18300001	18400000	Heterochromatin
ch04	18400001	18500000	Heterochromatin
ch04	18500001	18600000	Heterochromatin
ch04	18600001	18700000	Heterochromatin
ch04	18700001	18800000	Heterochromatin
ch04	18800001	18900000	Heterochromatin
ch04	18900001	19000000	Heterochromatin
ch04	19000001	19100000	Heterochromatin
ch04	19100001	19200000	Heterochromatin
ch04	19200001	19300000	Heterochromatin
ch04	19300001	19400000	Heterochromatin
ch04	19400001	19500000	Heterochromatin
ch04	19500001	19600000	Heterochromatin
ch04	19600001	19700000	Heterochromatin
ch04	19700001	19800000	Heterochromatin
ch04	19800001	19900000	Heterochromatin
ch04	19900001	20000000	Heterochromatin
ch04	20000001	20100000	Heterochromatin
ch04	20100001	20200000	Heterochromatin
ch04	20200001	20300000	Heterochromatin
ch04	20300001	20400000	Heterochromatin
ch04	20400001	20500000	Heterochromatin
ch04	20500001	20600000	Heterochromatin
ch04	20600001	20700000	Heterochromatin
ch04	20700001	20800000	Heterochromatin
ch04	20800001	20900000	Heterochromatin
ch04	20900001	21000000	Heterochromatin
ch04	21000001	21100000	Heterochromatin
ch04	21100001	21200000	Heterochromatin
ch04	21200001	21300000	Heterochromatin
ch04	21300001	21400000	Heterochromatin
ch04	21400001	21500000	Heterochromatin
ch04	21500001	21600000	Heterochromatin
ch04	21600001	21700000	Heterochromatin
ch04	21700001	21800000	Heterochromatin
ch04	21800001	21900000	Heterochromatin
ch04	21900001	22000000	Heterochromatin
ch04	22000001	22100000	Heterochromatin
ch04	22100001	22200000	Heterochromatin
ch04	22200001	22300000	Heterochromatin
ch04	22300001	22400000	Heterochromatin
ch04	22400001	22500000	Heterochromatin
ch04	22500001	22600000	Heterochromatin
ch04	22600001	22700000	Heterochromatin
ch04	22700001	22800000	Heterochromatin
ch04	22800001	22900000	Heterochromatin
ch04	22900001	23000000	Heterochromatin
ch04	23000001	23100000	Heterochromatin
ch04	23100001	23200000	Heterochromatin
ch04	23200001	23300000	Heterochromatin
ch04	23300001	23400000	Heterochromatin
ch04	23400001	23500000	Heterochromatin
ch04	23500001	23600000	Heterochromatin
ch04	23600001	23700000	Heterochromatin
ch04	23700001	23800000	Heterochromatin
ch04	23800001	23900000	Heterochromatin
ch04	23900001	24000000	Heterochromatin
ch04	24000001	24100000	Heterochromatin
ch04	24100001	24200000	Heterochromatin
ch04	24200001	24300000	Heterochromatin
ch04	24300001	24400000	Heterochromatin
ch04	24400001	24500000	Heterochromatin
ch04	24500001	24600000	Heterochromatin
ch04	24600001	24700000	Heterochromatin
ch04	24700001	24800000	Heterochromatin
ch04	24800001	24900000	Heterochromatin
ch04	24900001	25000000	Heterochromatin
ch04	25000001	25100000	Heterochromatin
ch04	25100001	25200000	Heterochromatin
ch04	25200001	25300000	Heterochromatin
ch04	25300001	25400000	Heterochromatin
ch04	25400001	25500000	Heterochromatin
ch04	25500001	25600000	Heterochromatin
ch04	25600001	25700000	Heterochromatin
ch04	25700001	25800000	Heterochromatin
ch04	25800001	25900000	Heterochromatin
ch04	25900001	26000000	Heterochromatin
ch04	26000001	26100000	Heterochromatin
ch04	26100001	26200000	Heterochromatin
ch04	26200001	26300000	Heterochromatin
ch04	26300001	26400000	Heterochromatin
ch04	26400001	26500000	Heterochromatin
ch04	26500001	26600000	Heterochromatin
ch04	26600001	26700000	Heterochromatin
ch04	26700001	26800000	Heterochromatin
ch04	26800001	26900000	Heterochromatin
ch04	26900001	27000000	Heterochromatin
ch04	27000001	27100000	Heterochromatin
ch04	27100001	27200000	Heterochromatin
ch04	27200001	27300000	Heterochromatin
ch04	27300001	27400000	Heterochromatin
ch04	27400001	27500000	Heterochromatin
ch04	27500001	27600000	Heterochromatin
ch04	27600001	27700000	Heterochromatin
ch04	27700001	27800000	Heterochromatin
ch04	27800001	27900000	Heterochromatin
ch04	27900001	28000000	Heterochromatin
ch04	28000001	28100000	Heterochromatin
ch04	28100001	28200000	Heterochromatin
ch04	28200001	28300000	Heterochromatin
ch04	28300001	28400000	Heterochromatin
ch04	28400001	28500000	Heterochromatin
ch04	28500001	28600000	Heterochromatin
ch04	28600001	28700000	Heterochromatin
ch04	28700001	28800000	Heterochromatin
ch04	28800001	28900000	Heterochromatin
ch04	28900001	29000000	Heterochromatin
ch04	29000001	29100000	Heterochromatin
ch04	29100001	29200000	Heterochromatin
ch04	29200001	29300000	Heterochromatin
ch04	29300001	29400000	Heterochromatin
ch04	29400001	29500000	Heterochromatin
ch04	29500001	29600000	Heterochromatin
ch04	29600001	29700000	Heterochromatin
ch04	29700001	29800000	Heterochromatin
ch04	29800001	29900000	Heterochromatin
ch04	29900001	30000000	Heterochromatin
ch04	30000001	30100000	Heterochromatin
ch04	30100001	30200000	Heterochromatin
ch04	30200001	30300000	Heterochromatin
ch04	30300001	30400000	Heterochromatin
ch04	30400001	30500000	Heterochromatin
ch04	30500001	30600000	Heterochromatin
ch04	30600001	30700000	Heterochromatin
ch04	30700001	30800000	Heterochromatin
ch04	30800001	30900000	Heterochromatin
ch04	30900001	31000000	Heterochromatin
ch04	31000001	31100000	Heterochromatin
ch04	31100001	31200000	Heterochromatin
ch04	31200001	31300000	Heterochromatin
ch04	31300001	31400000	Heterochromatin
ch04	31400001	31500000	Heterochromatin
ch04	31500001	31600000	Heterochromatin
ch04	31600001	31700000	Heterochromatin
ch04	31700001	31800000	Heterochromatin
ch04	31800001	31900000	Heterochromatin
ch04	31900001	32000000	Heterochromatin
ch04	32000001	32100000	Heterochromatin
ch04	32100001	32200000	Heterochromatin
ch04	32200001	32300000	Heterochromatin
ch04	32300001	32400000	Heterochromatin
ch04	32400001	32500000	Heterochromatin
ch04	32500001	32600000	Heterochromatin
ch04	32600001	32700000	Heterochromatin
ch04	32700001	32800000	Heterochromatin
ch04	32800001	32900000	Heterochromatin
ch04	32900001	33000000	Heterochromatin
ch04	33000001	33100000	Heterochromatin
ch04	33100001	33200000	Heterochromatin
ch04	33200001	33300000	Heterochromatin
ch04	33300001	33400000	Heterochromatin
ch04	33400001	33500000	Heterochromatin
ch04	33500001	33600000	Heterochromatin
ch04	33600001	33700000	Heterochromatin
ch04	33700001	33800000	Heterochromatin
ch04	33800001	33900000	Heterochromatin
ch04	33900001	34000000	Heterochromatin
ch04	34000001	34100000	Heterochromatin
ch04	34100001	34200000	Heterochromatin
ch04	34200001	34300000	Heterochromatin
ch04	34300001	34400000	Heterochromatin
ch04	34400001	34500000	Heterochromatin
ch04	34500001	34600000	Heterochromatin
ch04	34600001	34700000	Heterochromatin
ch04	34700001	34800000	Heterochromatin
ch04	34800001	34900000	Heterochromatin
ch04	34900001	35000000	Heterochromatin
ch04	35000001	35100000	Heterochromatin
ch04	35100001	35200000	Heterochromatin
ch04	35200001	35300000	Heterochromatin
ch04	35300001	35400000	Heterochromatin
ch04	35400001	35500000	Heterochromatin
ch04	35500001	35600000	Heterochromatin
ch04	35600001	35700000	Heterochromatin
ch04	35700001	35800000	Heterochromatin
ch04	35800001	35900000	Heterochromatin
ch04	35900001	36000000	Heterochromatin
ch04	36000001	36100000	Heterochromatin
ch04	36100001	36200000	Heterochromatin
ch04	36200001	36300000	Heterochromatin
ch04	36300001	36400000	Heterochromatin
ch04	36400001	36500000	Heterochromatin
ch04	36500001	36600000	Heterochromatin
ch04	36600001	36700000	Heterochromatin
ch04	36700001	36800000	Heterochromatin
ch04	36800001	36900000	Heterochromatin
ch04	36900001	37000000	Heterochromatin
ch04	37000001	37100000	Heterochromatin
ch04	37100001	37200000	Heterochromatin
ch04	37200001	37300000	Heterochromatin
ch04	37300001	37400000	Heterochromatin
ch04	37400001	37500000	Heterochromatin
ch04	37500001	37600000	Heterochromatin
ch04	37600001	37700000	Heterochromatin
ch04	37700001	37800000	Heterochromatin
ch04	37800001	37900000	Heterochromatin
ch04	37900001	38000000	Heterochromatin
ch04	38000001	38100000	Heterochromatin
ch04	38100001	38200000	Heterochromatin
ch04	38200001	38300000	Heterochromatin
ch04	38300001	38400000	Heterochromatin
ch04	38400001	38500000	Heterochromatin
ch04	38500001	38600000	Heterochromatin
ch04	38600001	38700000	Heterochromatin
ch04	38700001	38800000	Heterochromatin
ch04	38800001	38900000	Heterochromatin
ch04	38900001	39000000	Heterochromatin
ch04	39000001	39100000	Heterochromatin
ch04	39100001	39200000	Heterochromatin
ch04	39200001	39300000	Heterochromatin
ch04	39300001	39400000	Heterochromatin
ch04	39400001	39500000	Heterochromatin
ch04	39500001	39600000	Heterochromatin
ch04	39600001	39700000	Heterochromatin
ch04	39700001	39800000	Heterochromatin
ch04	39800001	39900000	Heterochromatin
ch04	39900001	40000000	Heterochromatin
ch04	40000001	40100000	Heterochromatin
ch04	40100001	40200000	Heterochromatin
ch04	40200001	40300000	Heterochromatin
ch04	40300001	40400000	Heterochromatin
ch04	40400001	40500000	Heterochromatin
ch04	40500001	40600000	Heterochromatin
ch04	40600001	40700000	Heterochromatin
ch04	40700001	40800000	Heterochromatin
ch04	40800001	40900000	Heterochromatin
ch04	40900001	41000000	Heterochromatin
ch04	41000001	41100000	Heterochromatin
ch04	41100001	41200000	Heterochromatin
ch04	41200001	41300000	Heterochromatin
ch04	41300001	41400000	Heterochromatin
ch04	41400001	41500000	Heterochromatin
ch04	41500001	41600000	Heterochromatin
ch04	41600001	41700000	Heterochromatin
ch04	41700001	41800000	Heterochromatin
ch04	41800001	41900000	Heterochromatin
ch04	41900001	42000000	Heterochromatin
ch04	42000001	42100000	Heterochromatin
ch04	42100001	42200000	Heterochromatin
ch04	42200001	42300000	Heterochromatin
ch04	42300001	42400000	Heterochromatin
ch04	42400001	42500000	Heterochromatin
ch04	42500001	42600000	Heterochromatin
ch04	42600001	42700000	Heterochromatin
ch04	42700001	42800000	Heterochromatin
ch04	42800001	42900000	Heterochromatin
ch04	42900001	43000000	Heterochromatin
ch04	43000001	43100000	Heterochromatin
ch04	43100001	43200000	Heterochromatin
ch04	43200001	43300000	Heterochromatin
ch04	43300001	43400000	Heterochromatin
ch04	43400001	43500000	Heterochromatin
ch04	43500001	43600000	Heterochromatin
ch04	43600001	43700000	Heterochromatin
ch04	43700001	43800000	Heterochromatin
ch04	43800001	43900000	Heterochromatin
ch04	43900001	44000000	Heterochromatin
ch04	44000001	44100000	Heterochromatin
ch04	44100001	44200000	Heterochromatin
ch04	44200001	44300000	Heterochromatin
ch04	44300001	44400000	Heterochromatin
ch04	44400001	44500000	Heterochromatin
ch04	44500001	44600000	Heterochromatin
ch04	44600001	44700000	Heterochromatin
ch04	44700001	44800000	Heterochromatin
ch04	44800001	44900000	Heterochromatin
ch04	44900001	45000000	Heterochromatin
ch04	45000001	45100000	Heterochromatin
ch04	45100001	45200000	Heterochromatin
ch04	45200001	45300000	Heterochromatin
ch04	45300001	45400000	Heterochromatin
ch04	45400001	45500000	Heterochromatin
ch04	45500001	45600000	Heterochromatin
ch04	45600001	45700000	Heterochromatin
ch04	45700001	45800000	Heterochromatin
ch04	45800001	45900000	Heterochromatin
ch04	45900001	46000000	Heterochromatin
ch04	46000001	46100000	Heterochromatin
ch04	46100001	46200000	Heterochromatin
ch04	46200001	46300000	Heterochromatin
ch04	46300001	46400000	Heterochromatin
ch04	46400001	46500000	Heterochromatin
ch04	46500001	46600000	Heterochromatin
ch04	46600001	46700000	Heterochromatin
ch04	46700001	46800000	Heterochromatin
ch04	46800001	46900000	Heterochromatin
ch04	46900001	47000000	Heterochromatin
ch04	47000001	47100000	Heterochromatin
ch04	47100001	47200000	Heterochromatin
ch04	47200001	47300000	Heterochromatin
ch04	47300001	47400000	Heterochromatin
ch04	47400001	47500000	Heterochromatin
ch04	47500001	47600000	Heterochromatin
ch04	47600001	47700000	Heterochromatin
ch04	47700001	47800000	Heterochromatin
ch04	47800001	47900000	Heterochromatin
ch04	47900001	48000000	Heterochromatin
ch04	48000001	48100000	Heterochromatin
ch04	48100001	48200000	Heterochromatin
ch04	48200001	48300000	Heterochromatin
ch04	48300001	48400000	Heterochromatin
ch04	48400001	48500000	Heterochromatin
ch04	48500001	48600000	Heterochromatin
ch04	48600001	48700000	Heterochromatin
ch04	48700001	48800000	Heterochromatin
ch04	48800001	48900000	Heterochromatin
ch04	48900001	49000000	Heterochromatin
ch04	49000001	49100000	Heterochromatin
ch04	49100001	49200000	Heterochromatin
ch04	49200001	49300000	Heterochromatin
ch04	49300001	49400000	Heterochromatin
ch04	49400001	49500000	Heterochromatin
ch04	49500001	49600000	Heterochromatin
ch04	49600001	49700000	Heterochromatin
ch04	49700001	49800000	Heterochromatin
ch04	49800001	49900000	Heterochromatin
ch04	49900001	50000000	Heterochromatin
ch04	50000001	50100000	Heterochromatin
ch04	50100001	50200000	Heterochromatin
ch04	50200001	50300000	Heterochromatin
ch04	50300001	50400000	Heterochromatin
ch04	50400001	50500000	Heterochromatin
ch04	50500001	50600000	Heterochromatin
ch04	50600001	50700000	Heterochromatin
ch04	50700001	50800000	Heterochromatin
ch04	50800001	50900000	Heterochromatin
ch04	50900001	51000000	Heterochromatin
ch04	51000001	51100000	Heterochromatin
ch04	51100001	51200000	Heterochromatin
ch04	51200001	51300000	Heterochromatin
ch04	51300001	51400000	Heterochromatin
ch04	51400001	51500000	Heterochromatin
ch04	51500001	51600000	Heterochromatin
ch04	51600001	51700000	Heterochromatin
ch04	51700001	51800000	Heterochromatin
ch04	51800001	51900000	Heterochromatin
ch04	51900001	52000000	Heterochromatin
ch04	52000001	52100000	Heterochromatin
ch04	52100001	52200000	Heterochromatin
ch04	52200001	52300000	Heterochromatin
ch04	52300001	52400000	Heterochromatin
ch04	52400001	52500000	Heterochromatin
ch04	52500001	52600000	Heterochromatin
ch04	52600001	52700000	Heterochromatin
ch04	52700001	52800000	Heterochromatin
ch04	52800001	52900000	Heterochromatin
ch04	52900001	53000000	Heterochromatin
ch04	53000001	53100000	Heterochromatin
ch04	53100001	53200000	Heterochromatin
ch04	53200001	53300000	Heterochromatin
ch04	53300001	53400000	Heterochromatin
ch04	53400001	53500000	Heterochromatin
ch04	53500001	53600000	Heterochromatin
ch04	53600001	53700000	Heterochromatin
ch04	53700001	53800000	Heterochromatin
ch04	53800001	53900000	Heterochromatin
ch04	53900001	54000000	Heterochromatin
ch04	54000001	54100000	Heterochromatin
ch04	54100001	54200000	Heterochromatin
ch04	54200001	54300000	Heterochromatin
ch04	54300001	54400000	Heterochromatin
ch04	54400001	54500000	Heterochromatin
ch04	54500001	54600000	Heterochromatin
ch04	54600001	54700000	Heterochromatin
ch04	54700001	54800000	Heterochromatin
ch04	54800001	54900000	Heterochromatin
ch04	54900001	55000000	Heterochromatin
ch04	55000001	55100000	Heterochromatin
ch04	55100001	55200000	Heterochromatin
ch04	55200001	55300000	Euchromatin
ch04	55300001	55400000	Euchromatin
ch04	55400001	55500000	Euchromatin
ch04	55500001	55600000	Euchromatin
ch04	55600001	55700000	Euchromatin
ch04	55700001	55800000	Euchromatin
ch04	55800001	55900000	Euchromatin
ch04	55900001	56000000	Euchromatin
ch04	56000001	56100000	Euchromatin
ch04	56100001	56200000	Euchromatin
ch04	56200001	56300000	Euchromatin
ch04	56300001	56400000	Euchromatin
ch04	56400001	56500000	Euchromatin
ch04	56500001	56600000	Euchromatin
ch04	56600001	56700000	Euchromatin
ch04	56700001	56800000	Euchromatin
ch04	56800001	56900000	Euchromatin
ch04	56900001	57000000	Euchromatin
ch04	57000001	57100000	Euchromatin
ch04	57100001	57200000	Euchromatin
ch04	57200001	57300000	Euchromatin
ch04	57300001	57400000	Euchromatin
ch04	57400001	57500000	Euchromatin
ch04	57500001	57600000	Euchromatin
ch04	57600001	57700000	Euchromatin
ch04	57700001	57800000	Euchromatin
ch04	57800001	57900000	Euchromatin
ch04	57900001	58000000	Euchromatin
ch04	58000001	58100000	Euchromatin
ch04	58100001	58200000	Euchromatin
ch04	58200001	58300000	Euchromatin
ch04	58300001	58400000	Euchromatin
ch04	58400001	58500000	Euchromatin
ch04	58500001	58600000	Euchromatin
ch04	58600001	58700000	Euchromatin
ch04	58700001	58800000	Euchromatin
ch04	58800001	58900000	Euchromatin
ch04	58900001	59000000	Euchromatin
ch04	59000001	59100000	Euchromatin
ch04	59100001	59200000	Euchromatin
ch04	59200001	59300000	Euchromatin
ch04	59300001	59400000	Euchromatin
ch04	59400001	59500000	Euchromatin
ch04	59500001	59600000	Euchromatin
ch04	59600001	59700000	Euchromatin
ch04	59700001	59800000	Euchromatin
ch04	59800001	59900000	Euchromatin
ch04	59900001	60000000	Euchromatin
ch04	60000001	60100000	Euchromatin
ch04	60100001	60200000	Euchromatin
ch04	60200001	60300000	Euchromatin
ch04	60300001	60400000	Euchromatin
ch04	60400001	60500000	Euchromatin
ch04	60500001	60600000	Euchromatin
ch04	60600001	60700000	Euchromatin
ch04	60700001	60800000	Euchromatin
ch04	60800001	60900000	Euchromatin
ch04	60900001	61000000	Euchromatin
ch04	61000001	61100000	Euchromatin
ch04	61100001	61200000	Euchromatin
ch04	61200001	61300000	Euchromatin
ch04	61300001	61400000	Euchromatin
ch04	61400001	61500000	Euchromatin
ch04	61500001	61600000	Euchromatin
ch04	61600001	61700000	Euchromatin
ch04	61700001	61800000	Euchromatin
ch04	61800001	61900000	Euchromatin
ch04	61900001	62000000	Euchromatin
ch04	62000001	62100000	Euchromatin
ch04	62100001	62200000	Euchromatin
ch04	62200001	62300000	Euchromatin
ch04	62300001	62400000	Euchromatin
ch04	62400001	62500000	Euchromatin
ch04	62500001	62600000	Euchromatin
ch04	62600001	62700000	Euchromatin
ch04	62700001	62800000	Euchromatin
ch04	62800001	62900000	Euchromatin
ch04	62900001	63000000	Euchromatin
ch04	63000001	63100000	Euchromatin
ch04	63100001	63200000	Euchromatin
ch04	63200001	63300000	Euchromatin
ch04	63300001	63400000	Euchromatin
ch04	63400001	63500000	Euchromatin
ch04	63500001	63600000	Euchromatin
ch04	63600001	63700000	Euchromatin
ch04	63700001	63800000	Euchromatin
ch04	63800001	63900000	Euchromatin
ch04	63900001	64000000	Euchromatin
ch04	64000001	64100000	Euchromatin
ch04	64100001	64200000	Euchromatin
ch04	64200001	64300000	Euchromatin
ch04	64300001	64400000	Euchromatin
ch04	64400001	64459972	Euchromatin
ch05	1	100000	Euchromatin
ch05	100001	200000	Euchromatin
ch05	200001	300000	Euchromatin
ch05	300001	400000	Euchromatin
ch05	400001	500000	Euchromatin
ch05	500001	600000	Euchromatin
ch05	600001	700000	Euchromatin
ch05	700001	800000	Euchromatin
ch05	800001	900000	Euchromatin
ch05	900001	1000000	Euchromatin
ch05	1000001	1100000	Euchromatin
ch05	1100001	1200000	Euchromatin
ch05	1200001	1300000	Euchromatin
ch05	1300001	1400000	Euchromatin
ch05	1400001	1500000	Euchromatin
ch05	1500001	1600000	Euchromatin
ch05	1600001	1700000	Euchromatin
ch05	1700001	1800000	Euchromatin
ch05	1800001	1900000	Euchromatin
ch05	1900001	2000000	Euchromatin
ch05	2000001	2100000	Euchromatin
ch05	2100001	2200000	Euchromatin
ch05	2200001	2300000	Euchromatin
ch05	2300001	2400000	Euchromatin
ch05	2400001	2500000	Euchromatin
ch05	2500001	2600000	Euchromatin
ch05	2600001	2700000	Euchromatin
ch05	2700001	2800000	Euchromatin
ch05	2800001	2900000	Euchromatin
ch05	2900001	3000000	Euchromatin
ch05	3000001	3100000	Euchromatin
ch05	3100001	3200000	Euchromatin
ch05	3200001	3300000	Euchromatin
ch05	3300001	3400000	Euchromatin
ch05	3400001	3500000	Euchromatin
ch05	3500001	3600000	Euchromatin
ch05	3600001	3700000	Euchromatin
ch05	3700001	3800000	Euchromatin
ch05	3800001	3900000	Euchromatin
ch05	3900001	4000000	Euchromatin
ch05	4000001	4100000	Euchromatin
ch05	4100001	4200000	Euchromatin
ch05	4200001	4300000	Euchromatin
ch05	4300001	4400000	Euchromatin
ch05	4400001	4500000	Euchromatin
ch05	4500001	4600000	Euchromatin
ch05	4600001	4700000	Euchromatin
ch05	4700001	4800000	Euchromatin
ch05	4800001	4900000	Euchromatin
ch05	4900001	5000000	Euchromatin
ch05	5000001	5100000	Euchromatin
ch05	5100001	5200000	Euchromatin
ch05	5200001	5300000	Euchromatin
ch05	5300001	5400000	Euchromatin
ch05	5400001	5500000	Euchromatin
ch05	5500001	5600000	Euchromatin
ch05	5600001	5700000	Euchromatin
ch05	5700001	5800000	Euchromatin
ch05	5800001	5900000	Euchromatin
ch05	5900001	6000000	Euchromatin
ch05	6000001	6100000	Euchromatin
ch05	6100001	6200000	Euchromatin
ch05	6200001	6300000	Euchromatin
ch05	6300001	6400000	Euchromatin
ch05	6400001	6500000	Euchromatin
ch05	6500001	6600000	Euchromatin
ch05	6600001	6700000	Euchromatin
ch05	6700001	6800000	Euchromatin
ch05	6800001	6900000	Heterochromatin
ch05	6900001	7000000	Heterochromatin
ch05	7000001	7100000	Heterochromatin
ch05	7100001	7200000	Heterochromatin
ch05	7200001	7300000	Heterochromatin
ch05	7300001	7400000	Heterochromatin
ch05	7400001	7500000	Heterochromatin
ch05	7500001	7600000	Heterochromatin
ch05	7600001	7700000	Heterochromatin
ch05	7700001	7800000	Heterochromatin
ch05	7800001	7900000	Heterochromatin
ch05	7900001	8000000	Heterochromatin
ch05	8000001	8100000	Heterochromatin
ch05	8100001	8200000	Heterochromatin
ch05	8200001	8300000	Heterochromatin
ch05	8300001	8400000	Heterochromatin
ch05	8400001	8500000	Heterochromatin
ch05	8500001	8600000	Heterochromatin
ch05	8600001	8700000	Heterochromatin
ch05	8700001	8800000	Heterochromatin
ch05	8800001	8900000	Heterochromatin
ch05	8900001	9000000	Heterochromatin
ch05	9000001	9100000	Heterochromatin
ch05	9100001	9200000	Heterochromatin
ch05	9200001	9300000	Heterochromatin
ch05	9300001	9400000	Heterochromatin
ch05	9400001	9500000	Heterochromatin
ch05	9500001	9600000	Heterochromatin
ch05	9600001	9700000	Heterochromatin
ch05	9700001	9800000	Heterochromatin
ch05	9800001	9900000	Heterochromatin
ch05	9900001	10000000	Heterochromatin
ch05	10000001	10100000	Heterochromatin
ch05	10100001	10200000	Heterochromatin
ch05	10200001	10300000	Heterochromatin
ch05	10300001	10400000	Heterochromatin
ch05	10400001	10500000	Heterochromatin
ch05	10500001	10600000	Heterochromatin
ch05	10600001	10700000	Heterochromatin
ch05	10700001	10800000	Heterochromatin
ch05	10800001	10900000	Heterochromatin
ch05	10900001	11000000	Heterochromatin
ch05	11000001	11100000	Heterochromatin
ch05	11100001	11200000	Heterochromatin
ch05	11200001	11300000	Heterochromatin
ch05	11300001	11400000	Heterochromatin
ch05	11400001	11500000	Heterochromatin
ch05	11500001	11600000	Heterochromatin
ch05	11600001	11700000	Heterochromatin
ch05	11700001	11800000	Heterochromatin
ch05	11800001	11900000	Heterochromatin
ch05	11900001	12000000	Heterochromatin
ch05	12000001	12100000	Heterochromatin
ch05	12100001	12200000	Heterochromatin
ch05	12200001	12300000	Heterochromatin
ch05	12300001	12400000	Heterochromatin
ch05	12400001	12500000	Heterochromatin
ch05	12500001	12600000	Heterochromatin
ch05	12600001	12700000	Heterochromatin
ch05	12700001	12800000	Heterochromatin
ch05	12800001	12900000	Heterochromatin
ch05	12900001	13000000	Heterochromatin
ch05	13000001	13100000	Heterochromatin
ch05	13100001	13200000	Heterochromatin
ch05	13200001	13300000	Heterochromatin
ch05	13300001	13400000	Heterochromatin
ch05	13400001	13500000	Heterochromatin
ch05	13500001	13600000	Heterochromatin
ch05	13600001	13700000	Heterochromatin
ch05	13700001	13800000	Heterochromatin
ch05	13800001	13900000	Heterochromatin
ch05	13900001	14000000	Heterochromatin
ch05	14000001	14100000	Heterochromatin
ch05	14100001	14200000	Heterochromatin
ch05	14200001	14300000	Heterochromatin
ch05	14300001	14400000	Heterochromatin
ch05	14400001	14500000	Heterochromatin
ch05	14500001	14600000	Heterochromatin
ch05	14600001	14700000	Heterochromatin
ch05	14700001	14800000	Heterochromatin
ch05	14800001	14900000	Heterochromatin
ch05	14900001	15000000	Heterochromatin
ch05	15000001	15100000	Heterochromatin
ch05	15100001	15200000	Heterochromatin
ch05	15200001	15300000	Heterochromatin
ch05	15300001	15400000	Heterochromatin
ch05	15400001	15500000	Heterochromatin
ch05	15500001	15600000	Heterochromatin
ch05	15600001	15700000	Heterochromatin
ch05	15700001	15800000	Heterochromatin
ch05	15800001	15900000	Heterochromatin
ch05	15900001	16000000	Heterochromatin
ch05	16000001	16100000	Heterochromatin
ch05	16100001	16200000	Heterochromatin
ch05	16200001	16300000	Heterochromatin
ch05	16300001	16400000	Heterochromatin
ch05	16400001	16500000	Heterochromatin
ch05	16500001	16600000	Heterochromatin
ch05	16600001	16700000	Heterochromatin
ch05	16700001	16800000	Heterochromatin
ch05	16800001	16900000	Heterochromatin
ch05	16900001	17000000	Heterochromatin
ch05	17000001	17100000	Heterochromatin
ch05	17100001	17200000	Heterochromatin
ch05	17200001	17300000	Heterochromatin
ch05	17300001	17400000	Heterochromatin
ch05	17400001	17500000	Heterochromatin
ch05	17500001	17600000	Heterochromatin
ch05	17600001	17700000	Heterochromatin
ch05	17700001	17800000	Heterochromatin
ch05	17800001	17900000	Heterochromatin
ch05	17900001	18000000	Heterochromatin
ch05	18000001	18100000	Heterochromatin
ch05	18100001	18200000	Heterochromatin
ch05	18200001	18300000	Heterochromatin
ch05	18300001	18400000	Heterochromatin
ch05	18400001	18500000	Heterochromatin
ch05	18500001	18600000	Heterochromatin
ch05	18600001	18700000	Heterochromatin
ch05	18700001	18800000	Heterochromatin
ch05	18800001	18900000	Heterochromatin
ch05	18900001	19000000	Heterochromatin
ch05	19000001	19100000	Heterochromatin
ch05	19100001	19200000	Heterochromatin
ch05	19200001	19300000	Heterochromatin
ch05	19300001	19400000	Heterochromatin
ch05	19400001	19500000	Heterochromatin
ch05	19500001	19600000	Heterochromatin
ch05	19600001	19700000	Heterochromatin
ch05	19700001	19800000	Heterochromatin
ch05	19800001	19900000	Heterochromatin
ch05	19900001	20000000	Heterochromatin
ch05	20000001	20100000	Heterochromatin
ch05	20100001	20200000	Heterochromatin
ch05	20200001	20300000	Heterochromatin
ch05	20300001	20400000	Heterochromatin
ch05	20400001	20500000	Heterochromatin
ch05	20500001	20600000	Heterochromatin
ch05	20600001	20700000	Heterochromatin
ch05	20700001	20800000	Heterochromatin
ch05	20800001	20900000	Heterochromatin
ch05	20900001	21000000	Heterochromatin
ch05	21000001	21100000	Heterochromatin
ch05	21100001	21200000	Heterochromatin
ch05	21200001	21300000	Heterochromatin
ch05	21300001	21400000	Heterochromatin
ch05	21400001	21500000	Heterochromatin
ch05	21500001	21600000	Heterochromatin
ch05	21600001	21700000	Heterochromatin
ch05	21700001	21800000	Heterochromatin
ch05	21800001	21900000	Heterochromatin
ch05	21900001	22000000	Heterochromatin
ch05	22000001	22100000	Heterochromatin
ch05	22100001	22200000	Heterochromatin
ch05	22200001	22300000	Heterochromatin
ch05	22300001	22400000	Heterochromatin
ch05	22400001	22500000	Heterochromatin
ch05	22500001	22600000	Heterochromatin
ch05	22600001	22700000	Heterochromatin
ch05	22700001	22800000	Heterochromatin
ch05	22800001	22900000	Heterochromatin
ch05	22900001	23000000	Heterochromatin
ch05	23000001	23100000	Heterochromatin
ch05	23100001	23200000	Heterochromatin
ch05	23200001	23300000	Heterochromatin
ch05	23300001	23400000	Heterochromatin
ch05	23400001	23500000	Heterochromatin
ch05	23500001	23600000	Heterochromatin
ch05	23600001	23700000	Heterochromatin
ch05	23700001	23800000	Heterochromatin
ch05	23800001	23900000	Heterochromatin
ch05	23900001	24000000	Heterochromatin
ch05	24000001	24100000	Heterochromatin
ch05	24100001	24200000	Heterochromatin
ch05	24200001	24300000	Heterochromatin
ch05	24300001	24400000	Heterochromatin
ch05	24400001	24500000	Heterochromatin
ch05	24500001	24600000	Heterochromatin
ch05	24600001	24700000	Heterochromatin
ch05	24700001	24800000	Heterochromatin
ch05	24800001	24900000	Heterochromatin
ch05	24900001	25000000	Heterochromatin
ch05	25000001	25100000	Heterochromatin
ch05	25100001	25200000	Heterochromatin
ch05	25200001	25300000	Heterochromatin
ch05	25300001	25400000	Heterochromatin
ch05	25400001	25500000	Heterochromatin
ch05	25500001	25600000	Heterochromatin
ch05	25600001	25700000	Heterochromatin
ch05	25700001	25800000	Heterochromatin
ch05	25800001	25900000	Heterochromatin
ch05	25900001	26000000	Heterochromatin
ch05	26000001	26100000	Heterochromatin
ch05	26100001	26200000	Heterochromatin
ch05	26200001	26300000	Heterochromatin
ch05	26300001	26400000	Heterochromatin
ch05	26400001	26500000	Heterochromatin
ch05	26500001	26600000	Heterochromatin
ch05	26600001	26700000	Heterochromatin
ch05	26700001	26800000	Heterochromatin
ch05	26800001	26900000	Heterochromatin
ch05	26900001	27000000	Heterochromatin
ch05	27000001	27100000	Heterochromatin
ch05	27100001	27200000	Heterochromatin
ch05	27200001	27300000	Heterochromatin
ch05	27300001	27400000	Heterochromatin
ch05	27400001	27500000	Heterochromatin
ch05	27500001	27600000	Heterochromatin
ch05	27600001	27700000	Heterochromatin
ch05	27700001	27800000	Heterochromatin
ch05	27800001	27900000	Heterochromatin
ch05	27900001	28000000	Heterochromatin
ch05	28000001	28100000	Heterochromatin
ch05	28100001	28200000	Heterochromatin
ch05	28200001	28300000	Heterochromatin
ch05	28300001	28400000	Heterochromatin
ch05	28400001	28500000	Heterochromatin
ch05	28500001	28600000	Heterochromatin
ch05	28600001	28700000	Heterochromatin
ch05	28700001	28800000	Heterochromatin
ch05	28800001	28900000	Heterochromatin
ch05	28900001	29000000	Heterochromatin
ch05	29000001	29100000	Heterochromatin
ch05	29100001	29200000	Heterochromatin
ch05	29200001	29300000	Heterochromatin
ch05	29300001	29400000	Heterochromatin
ch05	29400001	29500000	Heterochromatin
ch05	29500001	29600000	Heterochromatin
ch05	29600001	29700000	Heterochromatin
ch05	29700001	29800000	Heterochromatin
ch05	29800001	29900000	Heterochromatin
ch05	29900001	30000000	Heterochromatin
ch05	30000001	30100000	Heterochromatin
ch05	30100001	30200000	Heterochromatin
ch05	30200001	30300000	Heterochromatin
ch05	30300001	30400000	Heterochromatin
ch05	30400001	30500000	Heterochromatin
ch05	30500001	30600000	Heterochromatin
ch05	30600001	30700000	Heterochromatin
ch05	30700001	30800000	Heterochromatin
ch05	30800001	30900000	Heterochromatin
ch05	30900001	31000000	Heterochromatin
ch05	31000001	31100000	Heterochromatin
ch05	31100001	31200000	Heterochromatin
ch05	31200001	31300000	Heterochromatin
ch05	31300001	31400000	Heterochromatin
ch05	31400001	31500000	Heterochromatin
ch05	31500001	31600000	Heterochromatin
ch05	31600001	31700000	Heterochromatin
ch05	31700001	31800000	Heterochromatin
ch05	31800001	31900000	Heterochromatin
ch05	31900001	32000000	Heterochromatin
ch05	32000001	32100000	Heterochromatin
ch05	32100001	32200000	Heterochromatin
ch05	32200001	32300000	Heterochromatin
ch05	32300001	32400000	Heterochromatin
ch05	32400001	32500000	Heterochromatin
ch05	32500001	32600000	Heterochromatin
ch05	32600001	32700000	Heterochromatin
ch05	32700001	32800000	Heterochromatin
ch05	32800001	32900000	Heterochromatin
ch05	32900001	33000000	Heterochromatin
ch05	33000001	33100000	Heterochromatin
ch05	33100001	33200000	Heterochromatin
ch05	33200001	33300000	Heterochromatin
ch05	33300001	33400000	Heterochromatin
ch05	33400001	33500000	Heterochromatin
ch05	33500001	33600000	Heterochromatin
ch05	33600001	33700000	Heterochromatin
ch05	33700001	33800000	Heterochromatin
ch05	33800001	33900000	Heterochromatin
ch05	33900001	34000000	Heterochromatin
ch05	34000001	34100000	Heterochromatin
ch05	34100001	34200000	Heterochromatin
ch05	34200001	34300000	Heterochromatin
ch05	34300001	34400000	Heterochromatin
ch05	34400001	34500000	Heterochromatin
ch05	34500001	34600000	Heterochromatin
ch05	34600001	34700000	Heterochromatin
ch05	34700001	34800000	Heterochromatin
ch05	34800001	34900000	Heterochromatin
ch05	34900001	35000000	Heterochromatin
ch05	35000001	35100000	Heterochromatin
ch05	35100001	35200000	Heterochromatin
ch05	35200001	35300000	Heterochromatin
ch05	35300001	35400000	Heterochromatin
ch05	35400001	35500000	Heterochromatin
ch05	35500001	35600000	Heterochromatin
ch05	35600001	35700000	Heterochromatin
ch05	35700001	35800000	Heterochromatin
ch05	35800001	35900000	Heterochromatin
ch05	35900001	36000000	Heterochromatin
ch05	36000001	36100000	Heterochromatin
ch05	36100001	36200000	Heterochromatin
ch05	36200001	36300000	Heterochromatin
ch05	36300001	36400000	Heterochromatin
ch05	36400001	36500000	Heterochromatin
ch05	36500001	36600000	Heterochromatin
ch05	36600001	36700000	Heterochromatin
ch05	36700001	36800000	Heterochromatin
ch05	36800001	36900000	Heterochromatin
ch05	36900001	37000000	Heterochromatin
ch05	37000001	37100000	Heterochromatin
ch05	37100001	37200000	Heterochromatin
ch05	37200001	37300000	Heterochromatin
ch05	37300001	37400000	Heterochromatin
ch05	37400001	37500000	Heterochromatin
ch05	37500001	37600000	Heterochromatin
ch05	37600001	37700000	Heterochromatin
ch05	37700001	37800000	Heterochromatin
ch05	37800001	37900000	Heterochromatin
ch05	37900001	38000000	Heterochromatin
ch05	38000001	38100000	Heterochromatin
ch05	38100001	38200000	Heterochromatin
ch05	38200001	38300000	Heterochromatin
ch05	38300001	38400000	Heterochromatin
ch05	38400001	38500000	Heterochromatin
ch05	38500001	38600000	Heterochromatin
ch05	38600001	38700000	Heterochromatin
ch05	38700001	38800000	Heterochromatin
ch05	38800001	38900000	Heterochromatin
ch05	38900001	39000000	Heterochromatin
ch05	39000001	39100000	Heterochromatin
ch05	39100001	39200000	Heterochromatin
ch05	39200001	39300000	Heterochromatin
ch05	39300001	39400000	Heterochromatin
ch05	39400001	39500000	Heterochromatin
ch05	39500001	39600000	Heterochromatin
ch05	39600001	39700000	Heterochromatin
ch05	39700001	39800000	Heterochromatin
ch05	39800001	39900000	Heterochromatin
ch05	39900001	40000000	Heterochromatin
ch05	40000001	40100000	Heterochromatin
ch05	40100001	40200000	Heterochromatin
ch05	40200001	40300000	Heterochromatin
ch05	40300001	40400000	Heterochromatin
ch05	40400001	40500000	Heterochromatin
ch05	40500001	40600000	Heterochromatin
ch05	40600001	40700000	Heterochromatin
ch05	40700001	40800000	Heterochromatin
ch05	40800001	40900000	Heterochromatin
ch05	40900001	41000000	Heterochromatin
ch05	41000001	41100000	Heterochromatin
ch05	41100001	41200000	Heterochromatin
ch05	41200001	41300000	Heterochromatin
ch05	41300001	41400000	Heterochromatin
ch05	41400001	41500000	Heterochromatin
ch05	41500001	41600000	Heterochromatin
ch05	41600001	41700000	Heterochromatin
ch05	41700001	41800000	Heterochromatin
ch05	41800001	41900000	Heterochromatin
ch05	41900001	42000000	Heterochromatin
ch05	42000001	42100000	Heterochromatin
ch05	42100001	42200000	Heterochromatin
ch05	42200001	42300000	Heterochromatin
ch05	42300001	42400000	Heterochromatin
ch05	42400001	42500000	Heterochromatin
ch05	42500001	42600000	Heterochromatin
ch05	42600001	42700000	Heterochromatin
ch05	42700001	42800000	Heterochromatin
ch05	42800001	42900000	Heterochromatin
ch05	42900001	43000000	Heterochromatin
ch05	43000001	43100000	Heterochromatin
ch05	43100001	43200000	Heterochromatin
ch05	43200001	43300000	Heterochromatin
ch05	43300001	43400000	Heterochromatin
ch05	43400001	43500000	Heterochromatin
ch05	43500001	43600000	Heterochromatin
ch05	43600001	43700000	Heterochromatin
ch05	43700001	43800000	Heterochromatin
ch05	43800001	43900000	Heterochromatin
ch05	43900001	44000000	Heterochromatin
ch05	44000001	44100000	Heterochromatin
ch05	44100001	44200000	Heterochromatin
ch05	44200001	44300000	Heterochromatin
ch05	44300001	44400000	Heterochromatin
ch05	44400001	44500000	Heterochromatin
ch05	44500001	44600000	Heterochromatin
ch05	44600001	44700000	Heterochromatin
ch05	44700001	44800000	Heterochromatin
ch05	44800001	44900000	Heterochromatin
ch05	44900001	45000000	Heterochromatin
ch05	45000001	45100000	Heterochromatin
ch05	45100001	45200000	Heterochromatin
ch05	45200001	45300000	Heterochromatin
ch05	45300001	45400000	Heterochromatin
ch05	45400001	45500000	Heterochromatin
ch05	45500001	45600000	Heterochromatin
ch05	45600001	45700000	Heterochromatin
ch05	45700001	45800000	Heterochromatin
ch05	45800001	45900000	Heterochromatin
ch05	45900001	46000000	Heterochromatin
ch05	46000001	46100000	Heterochromatin
ch05	46100001	46200000	Heterochromatin
ch05	46200001	46300000	Heterochromatin
ch05	46300001	46400000	Heterochromatin
ch05	46400001	46500000	Heterochromatin
ch05	46500001	46600000	Heterochromatin
ch05	46600001	46700000	Heterochromatin
ch05	46700001	46800000	Heterochromatin
ch05	46800001	46900000	Heterochromatin
ch05	46900001	47000000	Heterochromatin
ch05	47000001	47100000	Heterochromatin
ch05	47100001	47200000	Heterochromatin
ch05	47200001	47300000	Heterochromatin
ch05	47300001	47400000	Heterochromatin
ch05	47400001	47500000	Heterochromatin
ch05	47500001	47600000	Heterochromatin
ch05	47600001	47700000	Heterochromatin
ch05	47700001	47800000	Heterochromatin
ch05	47800001	47900000	Heterochromatin
ch05	47900001	48000000	Heterochromatin
ch05	48000001	48100000	Heterochromatin
ch05	48100001	48200000	Heterochromatin
ch05	48200001	48300000	Heterochromatin
ch05	48300001	48400000	Heterochromatin
ch05	48400001	48500000	Heterochromatin
ch05	48500001	48600000	Heterochromatin
ch05	48600001	48700000	Heterochromatin
ch05	48700001	48800000	Heterochromatin
ch05	48800001	48900000	Heterochromatin
ch05	48900001	49000000	Heterochromatin
ch05	49000001	49100000	Heterochromatin
ch05	49100001	49200000	Heterochromatin
ch05	49200001	49300000	Heterochromatin
ch05	49300001	49400000	Heterochromatin
ch05	49400001	49500000	Heterochromatin
ch05	49500001	49600000	Heterochromatin
ch05	49600001	49700000	Heterochromatin
ch05	49700001	49800000	Heterochromatin
ch05	49800001	49900000	Heterochromatin
ch05	49900001	50000000	Heterochromatin
ch05	50000001	50100000	Heterochromatin
ch05	50100001	50200000	Heterochromatin
ch05	50200001	50300000	Heterochromatin
ch05	50300001	50400000	Heterochromatin
ch05	50400001	50500000	Heterochromatin
ch05	50500001	50600000	Heterochromatin
ch05	50600001	50700000	Heterochromatin
ch05	50700001	50800000	Heterochromatin
ch05	50800001	50900000	Heterochromatin
ch05	50900001	51000000	Heterochromatin
ch05	51000001	51100000	Heterochromatin
ch05	51100001	51200000	Heterochromatin
ch05	51200001	51300000	Heterochromatin
ch05	51300001	51400000	Heterochromatin
ch05	51400001	51500000	Heterochromatin
ch05	51500001	51600000	Heterochromatin
ch05	51600001	51700000	Heterochromatin
ch05	51700001	51800000	Heterochromatin
ch05	51800001	51900000	Heterochromatin
ch05	51900001	52000000	Heterochromatin
ch05	52000001	52100000	Heterochromatin
ch05	52100001	52200000	Heterochromatin
ch05	52200001	52300000	Heterochromatin
ch05	52300001	52400000	Heterochromatin
ch05	52400001	52500000	Heterochromatin
ch05	52500001	52600000	Heterochromatin
ch05	52600001	52700000	Heterochromatin
ch05	52700001	52800000	Heterochromatin
ch05	52800001	52900000	Heterochromatin
ch05	52900001	53000000	Heterochromatin
ch05	53000001	53100000	Heterochromatin
ch05	53100001	53200000	Heterochromatin
ch05	53200001	53300000	Heterochromatin
ch05	53300001	53400000	Heterochromatin
ch05	53400001	53500000	Heterochromatin
ch05	53500001	53600000	Heterochromatin
ch05	53600001	53700000	Heterochromatin
ch05	53700001	53800000	Heterochromatin
ch05	53800001	53900000	Heterochromatin
ch05	53900001	54000000	Heterochromatin
ch05	54000001	54100000	Heterochromatin
ch05	54100001	54200000	Heterochromatin
ch05	54200001	54300000	Heterochromatin
ch05	54300001	54400000	Heterochromatin
ch05	54400001	54500000	Heterochromatin
ch05	54500001	54600000	Heterochromatin
ch05	54600001	54700000	Heterochromatin
ch05	54700001	54800000	Heterochromatin
ch05	54800001	54900000	Heterochromatin
ch05	54900001	55000000	Heterochromatin
ch05	55000001	55100000	Heterochromatin
ch05	55100001	55200000	Heterochromatin
ch05	55200001	55300000	Heterochromatin
ch05	55300001	55400000	Heterochromatin
ch05	55400001	55500000	Heterochromatin
ch05	55500001	55600000	Heterochromatin
ch05	55600001	55700000	Heterochromatin
ch05	55700001	55800000	Heterochromatin
ch05	55800001	55900000	Heterochromatin
ch05	55900001	56000000	Heterochromatin
ch05	56000001	56100000	Heterochromatin
ch05	56100001	56200000	Heterochromatin
ch05	56200001	56300000	Heterochromatin
ch05	56300001	56400000	Heterochromatin
ch05	56400001	56500000	Heterochromatin
ch05	56500001	56600000	Heterochromatin
ch05	56600001	56700000	Heterochromatin
ch05	56700001	56800000	Heterochromatin
ch05	56800001	56900000	Heterochromatin
ch05	56900001	57000000	Heterochromatin
ch05	57000001	57100000	Heterochromatin
ch05	57100001	57200000	Heterochromatin
ch05	57200001	57300000	Heterochromatin
ch05	57300001	57400000	Heterochromatin
ch05	57400001	57500000	Heterochromatin
ch05	57500001	57600000	Heterochromatin
ch05	57600001	57700000	Heterochromatin
ch05	57700001	57800000	Heterochromatin
ch05	57800001	57900000	Heterochromatin
ch05	57900001	58000000	Heterochromatin
ch05	58000001	58100000	Heterochromatin
ch05	58100001	58200000	Heterochromatin
ch05	58200001	58300000	Heterochromatin
ch05	58300001	58400000	Heterochromatin
ch05	58400001	58500000	Heterochromatin
ch05	58500001	58600000	Heterochromatin
ch05	58600001	58700000	Heterochromatin
ch05	58700001	58800000	Heterochromatin
ch05	58800001	58900000	Heterochromatin
ch05	58900001	59000000	Heterochromatin
ch05	59000001	59100000	Heterochromatin
ch05	59100001	59200000	Heterochromatin
ch05	59200001	59300000	Heterochromatin
ch05	59300001	59400000	Heterochromatin
ch05	59400001	59500000	Heterochromatin
ch05	59500001	59600000	Heterochromatin
ch05	59600001	59700000	Heterochromatin
ch05	59700001	59800000	Heterochromatin
ch05	59800001	59900000	Heterochromatin
ch05	59900001	60000000	Heterochromatin
ch05	60000001	60100000	Heterochromatin
ch05	60100001	60200000	Heterochromatin
ch05	60200001	60300000	Heterochromatin
ch05	60300001	60400000	Heterochromatin
ch05	60400001	60500000	Heterochromatin
ch05	60500001	60600000	Heterochromatin
ch05	60600001	60700000	Euchromatin
ch05	60700001	60800000	Euchromatin
ch05	60800001	60900000	Euchromatin
ch05	60900001	61000000	Euchromatin
ch05	61000001	61100000	Euchromatin
ch05	61100001	61200000	Euchromatin
ch05	61200001	61300000	Euchromatin
ch05	61300001	61400000	Euchromatin
ch05	61400001	61500000	Euchromatin
ch05	61500001	61600000	Euchromatin
ch05	61600001	61700000	Euchromatin
ch05	61700001	61800000	Euchromatin
ch05	61800001	61900000	Euchromatin
ch05	61900001	62000000	Euchromatin
ch05	62000001	62100000	Euchromatin
ch05	62100001	62200000	Euchromatin
ch05	62200001	62300000	Euchromatin
ch05	62300001	62400000	Euchromatin
ch05	62400001	62500000	Euchromatin
ch05	62500001	62600000	Euchromatin
ch05	62600001	62700000	Euchromatin
ch05	62700001	62800000	Euchromatin
ch05	62800001	62900000	Euchromatin
ch05	62900001	63000000	Euchromatin
ch05	63000001	63100000	Euchromatin
ch05	63100001	63200000	Euchromatin
ch05	63200001	63300000	Euchromatin
ch05	63300001	63400000	Euchromatin
ch05	63400001	63500000	Euchromatin
ch05	63500001	63600000	Euchromatin
ch05	63600001	63700000	Euchromatin
ch05	63700001	63800000	Euchromatin
ch05	63800001	63900000	Euchromatin
ch05	63900001	64000000	Euchromatin
ch05	64000001	64100000	Euchromatin
ch05	64100001	64200000	Euchromatin
ch05	64200001	64300000	Euchromatin
ch05	64300001	64400000	Euchromatin
ch05	64400001	64500000	Euchromatin
ch05	64500001	64600000	Euchromatin
ch05	64600001	64700000	Euchromatin
ch05	64700001	64800000	Euchromatin
ch05	64800001	64900000	Euchromatin
ch05	64900001	65000000	Euchromatin
ch05	65000001	65100000	Euchromatin
ch05	65100001	65200000	Euchromatin
ch05	65200001	65269487	Euchromatin
ch06	1	100000	Euchromatin
ch06	100001	200000	Euchromatin
ch06	200001	300000	Euchromatin
ch06	300001	400000	Euchromatin
ch06	400001	500000	Euchromatin
ch06	500001	600000	Euchromatin
ch06	600001	700000	Euchromatin
ch06	700001	800000	Euchromatin
ch06	800001	900000	Euchromatin
ch06	900001	1000000	Euchromatin
ch06	1000001	1100000	Euchromatin
ch06	1100001	1200000	Euchromatin
ch06	1200001	1300000	Euchromatin
ch06	1300001	1400000	Euchromatin
ch06	1400001	1500000	Euchromatin
ch06	1500001	1600000	Euchromatin
ch06	1600001	1700000	Euchromatin
ch06	1700001	1800000	Euchromatin
ch06	1800001	1900000	Euchromatin
ch06	1900001	2000000	Euchromatin
ch06	2000001	2100000	Euchromatin
ch06	2100001	2200000	Euchromatin
ch06	2200001	2300000	Euchromatin
ch06	2300001	2400000	Euchromatin
ch06	2400001	2500000	Euchromatin
ch06	2500001	2600000	Euchromatin
ch06	2600001	2700000	Euchromatin
ch06	2700001	2800000	Heterochromatin
ch06	2800001	2900000	Heterochromatin
ch06	2900001	3000000	Heterochromatin
ch06	3000001	3100000	Heterochromatin
ch06	3100001	3200000	Heterochromatin
ch06	3200001	3300000	Heterochromatin
ch06	3300001	3400000	Heterochromatin
ch06	3400001	3500000	Heterochromatin
ch06	3500001	3600000	Heterochromatin
ch06	3600001	3700000	Heterochromatin
ch06	3700001	3800000	Heterochromatin
ch06	3800001	3900000	Heterochromatin
ch06	3900001	4000000	Heterochromatin
ch06	4000001	4100000	Heterochromatin
ch06	4100001	4200000	Heterochromatin
ch06	4200001	4300000	Heterochromatin
ch06	4300001	4400000	Heterochromatin
ch06	4400001	4500000	Heterochromatin
ch06	4500001	4600000	Heterochromatin
ch06	4600001	4700000	Heterochromatin
ch06	4700001	4800000	Heterochromatin
ch06	4800001	4900000	Heterochromatin
ch06	4900001	5000000	Heterochromatin
ch06	5000001	5100000	Heterochromatin
ch06	5100001	5200000	Heterochromatin
ch06	5200001	5300000	Heterochromatin
ch06	5300001	5400000	Heterochromatin
ch06	5400001	5500000	Heterochromatin
ch06	5500001	5600000	Heterochromatin
ch06	5600001	5700000	Heterochromatin
ch06	5700001	5800000	Heterochromatin
ch06	5800001	5900000	Heterochromatin
ch06	5900001	6000000	Heterochromatin
ch06	6000001	6100000	Heterochromatin
ch06	6100001	6200000	Heterochromatin
ch06	6200001	6300000	Heterochromatin
ch06	6300001	6400000	Heterochromatin
ch06	6400001	6500000	Heterochromatin
ch06	6500001	6600000	Heterochromatin
ch06	6600001	6700000	Heterochromatin
ch06	6700001	6800000	Heterochromatin
ch06	6800001	6900000	Heterochromatin
ch06	6900001	7000000	Heterochromatin
ch06	7000001	7100000	Heterochromatin
ch06	7100001	7200000	Heterochromatin
ch06	7200001	7300000	Heterochromatin
ch06	7300001	7400000	Heterochromatin
ch06	7400001	7500000	Heterochromatin
ch06	7500001	7600000	Heterochromatin
ch06	7600001	7700000	Heterochromatin
ch06	7700001	7800000	Heterochromatin
ch06	7800001	7900000	Heterochromatin
ch06	7900001	8000000	Heterochromatin
ch06	8000001	8100000	Heterochromatin
ch06	8100001	8200000	Heterochromatin
ch06	8200001	8300000	Heterochromatin
ch06	8300001	8400000	Heterochromatin
ch06	8400001	8500000	Heterochromatin
ch06	8500001	8600000	Heterochromatin
ch06	8600001	8700000	Heterochromatin
ch06	8700001	8800000	Heterochromatin
ch06	8800001	8900000	Heterochromatin
ch06	8900001	9000000	Heterochromatin
ch06	9000001	9100000	Heterochromatin
ch06	9100001	9200000	Heterochromatin
ch06	9200001	9300000	Heterochromatin
ch06	9300001	9400000	Heterochromatin
ch06	9400001	9500000	Heterochromatin
ch06	9500001	9600000	Heterochromatin
ch06	9600001	9700000	Heterochromatin
ch06	9700001	9800000	Heterochromatin
ch06	9800001	9900000	Heterochromatin
ch06	9900001	10000000	Heterochromatin
ch06	10000001	10100000	Heterochromatin
ch06	10100001	10200000	Heterochromatin
ch06	10200001	10300000	Heterochromatin
ch06	10300001	10400000	Heterochromatin
ch06	10400001	10500000	Heterochromatin
ch06	10500001	10600000	Heterochromatin
ch06	10600001	10700000	Heterochromatin
ch06	10700001	10800000	Heterochromatin
ch06	10800001	10900000	Heterochromatin
ch06	10900001	11000000	Heterochromatin
ch06	11000001	11100000	Heterochromatin
ch06	11100001	11200000	Heterochromatin
ch06	11200001	11300000	Heterochromatin
ch06	11300001	11400000	Heterochromatin
ch06	11400001	11500000	Heterochromatin
ch06	11500001	11600000	Heterochromatin
ch06	11600001	11700000	Heterochromatin
ch06	11700001	11800000	Heterochromatin
ch06	11800001	11900000	Heterochromatin
ch06	11900001	12000000	Heterochromatin
ch06	12000001	12100000	Heterochromatin
ch06	12100001	12200000	Heterochromatin
ch06	12200001	12300000	Heterochromatin
ch06	12300001	12400000	Heterochromatin
ch06	12400001	12500000	Heterochromatin
ch06	12500001	12600000	Heterochromatin
ch06	12600001	12700000	Heterochromatin
ch06	12700001	12800000	Heterochromatin
ch06	12800001	12900000	Heterochromatin
ch06	12900001	13000000	Heterochromatin
ch06	13000001	13100000	Heterochromatin
ch06	13100001	13200000	Heterochromatin
ch06	13200001	13300000	Heterochromatin
ch06	13300001	13400000	Heterochromatin
ch06	13400001	13500000	Heterochromatin
ch06	13500001	13600000	Heterochromatin
ch06	13600001	13700000	Heterochromatin
ch06	13700001	13800000	Heterochromatin
ch06	13800001	13900000	Heterochromatin
ch06	13900001	14000000	Heterochromatin
ch06	14000001	14100000	Heterochromatin
ch06	14100001	14200000	Heterochromatin
ch06	14200001	14300000	Heterochromatin
ch06	14300001	14400000	Heterochromatin
ch06	14400001	14500000	Heterochromatin
ch06	14500001	14600000	Heterochromatin
ch06	14600001	14700000	Heterochromatin
ch06	14700001	14800000	Heterochromatin
ch06	14800001	14900000	Heterochromatin
ch06	14900001	15000000	Heterochromatin
ch06	15000001	15100000	Heterochromatin
ch06	15100001	15200000	Heterochromatin
ch06	15200001	15300000	Heterochromatin
ch06	15300001	15400000	Heterochromatin
ch06	15400001	15500000	Heterochromatin
ch06	15500001	15600000	Heterochromatin
ch06	15600001	15700000	Heterochromatin
ch06	15700001	15800000	Heterochromatin
ch06	15800001	15900000	Heterochromatin
ch06	15900001	16000000	Heterochromatin
ch06	16000001	16100000	Heterochromatin
ch06	16100001	16200000	Heterochromatin
ch06	16200001	16300000	Heterochromatin
ch06	16300001	16400000	Heterochromatin
ch06	16400001	16500000	Heterochromatin
ch06	16500001	16600000	Heterochromatin
ch06	16600001	16700000	Heterochromatin
ch06	16700001	16800000	Heterochromatin
ch06	16800001	16900000	Heterochromatin
ch06	16900001	17000000	Heterochromatin
ch06	17000001	17100000	Heterochromatin
ch06	17100001	17200000	Heterochromatin
ch06	17200001	17300000	Heterochromatin
ch06	17300001	17400000	Heterochromatin
ch06	17400001	17500000	Heterochromatin
ch06	17500001	17600000	Heterochromatin
ch06	17600001	17700000	Heterochromatin
ch06	17700001	17800000	Heterochromatin
ch06	17800001	17900000	Heterochromatin
ch06	17900001	18000000	Heterochromatin
ch06	18000001	18100000	Heterochromatin
ch06	18100001	18200000	Heterochromatin
ch06	18200001	18300000	Heterochromatin
ch06	18300001	18400000	Heterochromatin
ch06	18400001	18500000	Heterochromatin
ch06	18500001	18600000	Heterochromatin
ch06	18600001	18700000	Heterochromatin
ch06	18700001	18800000	Heterochromatin
ch06	18800001	18900000	Heterochromatin
ch06	18900001	19000000	Heterochromatin
ch06	19000001	19100000	Heterochromatin
ch06	19100001	19200000	Heterochromatin
ch06	19200001	19300000	Heterochromatin
ch06	19300001	19400000	Heterochromatin
ch06	19400001	19500000	Heterochromatin
ch06	19500001	19600000	Heterochromatin
ch06	19600001	19700000	Heterochromatin
ch06	19700001	19800000	Heterochromatin
ch06	19800001	19900000	Heterochromatin
ch06	19900001	20000000	Heterochromatin
ch06	20000001	20100000	Heterochromatin
ch06	20100001	20200000	Heterochromatin
ch06	20200001	20300000	Heterochromatin
ch06	20300001	20400000	Heterochromatin
ch06	20400001	20500000	Heterochromatin
ch06	20500001	20600000	Heterochromatin
ch06	20600001	20700000	Heterochromatin
ch06	20700001	20800000	Heterochromatin
ch06	20800001	20900000	Heterochromatin
ch06	20900001	21000000	Heterochromatin
ch06	21000001	21100000	Heterochromatin
ch06	21100001	21200000	Heterochromatin
ch06	21200001	21300000	Heterochromatin
ch06	21300001	21400000	Heterochromatin
ch06	21400001	21500000	Heterochromatin
ch06	21500001	21600000	Heterochromatin
ch06	21600001	21700000	Heterochromatin
ch06	21700001	21800000	Heterochromatin
ch06	21800001	21900000	Heterochromatin
ch06	21900001	22000000	Heterochromatin
ch06	22000001	22100000	Heterochromatin
ch06	22100001	22200000	Heterochromatin
ch06	22200001	22300000	Heterochromatin
ch06	22300001	22400000	Heterochromatin
ch06	22400001	22500000	Heterochromatin
ch06	22500001	22600000	Heterochromatin
ch06	22600001	22700000	Heterochromatin
ch06	22700001	22800000	Heterochromatin
ch06	22800001	22900000	Heterochromatin
ch06	22900001	23000000	Heterochromatin
ch06	23000001	23100000	Heterochromatin
ch06	23100001	23200000	Heterochromatin
ch06	23200001	23300000	Heterochromatin
ch06	23300001	23400000	Heterochromatin
ch06	23400001	23500000	Heterochromatin
ch06	23500001	23600000	Heterochromatin
ch06	23600001	23700000	Heterochromatin
ch06	23700001	23800000	Heterochromatin
ch06	23800001	23900000	Heterochromatin
ch06	23900001	24000000	Heterochromatin
ch06	24000001	24100000	Heterochromatin
ch06	24100001	24200000	Heterochromatin
ch06	24200001	24300000	Heterochromatin
ch06	24300001	24400000	Heterochromatin
ch06	24400001	24500000	Heterochromatin
ch06	24500001	24600000	Heterochromatin
ch06	24600001	24700000	Heterochromatin
ch06	24700001	24800000	Heterochromatin
ch06	24800001	24900000	Heterochromatin
ch06	24900001	25000000	Heterochromatin
ch06	25000001	25100000	Heterochromatin
ch06	25100001	25200000	Heterochromatin
ch06	25200001	25300000	Heterochromatin
ch06	25300001	25400000	Heterochromatin
ch06	25400001	25500000	Heterochromatin
ch06	25500001	25600000	Heterochromatin
ch06	25600001	25700000	Heterochromatin
ch06	25700001	25800000	Heterochromatin
ch06	25800001	25900000	Heterochromatin
ch06	25900001	26000000	Heterochromatin
ch06	26000001	26100000	Heterochromatin
ch06	26100001	26200000	Heterochromatin
ch06	26200001	26300000	Heterochromatin
ch06	26300001	26400000	Heterochromatin
ch06	26400001	26500000	Heterochromatin
ch06	26500001	26600000	Heterochromatin
ch06	26600001	26700000	Heterochromatin
ch06	26700001	26800000	Heterochromatin
ch06	26800001	26900000	Heterochromatin
ch06	26900001	27000000	Heterochromatin
ch06	27000001	27100000	Heterochromatin
ch06	27100001	27200000	Heterochromatin
ch06	27200001	27300000	Heterochromatin
ch06	27300001	27400000	Heterochromatin
ch06	27400001	27500000	Heterochromatin
ch06	27500001	27600000	Heterochromatin
ch06	27600001	27700000	Heterochromatin
ch06	27700001	27800000	Heterochromatin
ch06	27800001	27900000	Heterochromatin
ch06	27900001	28000000	Heterochromatin
ch06	28000001	28100000	Heterochromatin
ch06	28100001	28200000	Heterochromatin
ch06	28200001	28300000	Heterochromatin
ch06	28300001	28400000	Heterochromatin
ch06	28400001	28500000	Heterochromatin
ch06	28500001	28600000	Heterochromatin
ch06	28600001	28700000	Heterochromatin
ch06	28700001	28800000	Heterochromatin
ch06	28800001	28900000	Heterochromatin
ch06	28900001	29000000	Heterochromatin
ch06	29000001	29100000	Heterochromatin
ch06	29100001	29200000	Heterochromatin
ch06	29200001	29300000	Heterochromatin
ch06	29300001	29400000	Heterochromatin
ch06	29400001	29500000	Heterochromatin
ch06	29500001	29600000	Heterochromatin
ch06	29600001	29700000	Heterochromatin
ch06	29700001	29800000	Heterochromatin
ch06	29800001	29900000	Heterochromatin
ch06	29900001	30000000	Heterochromatin
ch06	30000001	30100000	Heterochromatin
ch06	30100001	30200000	Heterochromatin
ch06	30200001	30300000	Heterochromatin
ch06	30300001	30400000	Heterochromatin
ch06	30400001	30500000	Heterochromatin
ch06	30500001	30600000	Heterochromatin
ch06	30600001	30700000	Heterochromatin
ch06	30700001	30800000	Heterochromatin
ch06	30800001	30900000	Heterochromatin
ch06	30900001	31000000	Heterochromatin
ch06	31000001	31100000	Heterochromatin
ch06	31100001	31200000	Heterochromatin
ch06	31200001	31300000	Heterochromatin
ch06	31300001	31400000	Heterochromatin
ch06	31400001	31500000	Heterochromatin
ch06	31500001	31600000	Heterochromatin
ch06	31600001	31700000	Heterochromatin
ch06	31700001	31800000	Heterochromatin
ch06	31800001	31900000	Heterochromatin
ch06	31900001	32000000	Heterochromatin
ch06	32000001	32100000	Heterochromatin
ch06	32100001	32200000	Heterochromatin
ch06	32200001	32300000	Heterochromatin
ch06	32300001	32400000	Heterochromatin
ch06	32400001	32500000	Heterochromatin
ch06	32500001	32600000	Heterochromatin
ch06	32600001	32700000	Heterochromatin
ch06	32700001	32800000	Heterochromatin
ch06	32800001	32900000	Euchromatin
ch06	32900001	33000000	Euchromatin
ch06	33000001	33100000	Euchromatin
ch06	33100001	33200000	Euchromatin
ch06	33200001	33300000	Euchromatin
ch06	33300001	33400000	Euchromatin
ch06	33400001	33500000	Euchromatin
ch06	33500001	33600000	Euchromatin
ch06	33600001	33700000	Euchromatin
ch06	33700001	33800000	Euchromatin
ch06	33800001	33900000	Euchromatin
ch06	33900001	34000000	Euchromatin
ch06	34000001	34100000	Euchromatin
ch06	34100001	34200000	Euchromatin
ch06	34200001	34300000	Euchromatin
ch06	34300001	34400000	Euchromatin
ch06	34400001	34500000	Euchromatin
ch06	34500001	34600000	Euchromatin
ch06	34600001	34700000	Euchromatin
ch06	34700001	34800000	Euchromatin
ch06	34800001	34900000	Euchromatin
ch06	34900001	35000000	Euchromatin
ch06	35000001	35100000	Euchromatin
ch06	35100001	35200000	Euchromatin
ch06	35200001	35300000	Euchromatin
ch06	35300001	35400000	Euchromatin
ch06	35400001	35500000	Euchromatin
ch06	35500001	35600000	Euchromatin
ch06	35600001	35700000	Euchromatin
ch06	35700001	35800000	Euchromatin
ch06	35800001	35900000	Euchromatin
ch06	35900001	36000000	Euchromatin
ch06	36000001	36100000	Euchromatin
ch06	36100001	36200000	Euchromatin
ch06	36200001	36300000	Euchromatin
ch06	36300001	36400000	Euchromatin
ch06	36400001	36500000	Euchromatin
ch06	36500001	36600000	Euchromatin
ch06	36600001	36700000	Euchromatin
ch06	36700001	36800000	Euchromatin
ch06	36800001	36900000	Euchromatin
ch06	36900001	37000000	Euchromatin
ch06	37000001	37100000	Euchromatin
ch06	37100001	37200000	Euchromatin
ch06	37200001	37300000	Euchromatin
ch06	37300001	37400000	Euchromatin
ch06	37400001	37500000	Euchromatin
ch06	37500001	37600000	Euchromatin
ch06	37600001	37700000	Euchromatin
ch06	37700001	37800000	Euchromatin
ch06	37800001	37900000	Euchromatin
ch06	37900001	38000000	Euchromatin
ch06	38000001	38100000	Euchromatin
ch06	38100001	38200000	Euchromatin
ch06	38200001	38300000	Euchromatin
ch06	38300001	38400000	Euchromatin
ch06	38400001	38500000	Euchromatin
ch06	38500001	38600000	Euchromatin
ch06	38600001	38700000	Euchromatin
ch06	38700001	38800000	Euchromatin
ch06	38800001	38900000	Euchromatin
ch06	38900001	39000000	Euchromatin
ch06	39000001	39100000	Euchromatin
ch06	39100001	39200000	Euchromatin
ch06	39200001	39300000	Euchromatin
ch06	39300001	39400000	Euchromatin
ch06	39400001	39500000	Euchromatin
ch06	39500001	39600000	Euchromatin
ch06	39600001	39700000	Euchromatin
ch06	39700001	39800000	Euchromatin
ch06	39800001	39900000	Euchromatin
ch06	39900001	40000000	Euchromatin
ch06	40000001	40100000	Euchromatin
ch06	40100001	40200000	Euchromatin
ch06	40200001	40300000	Euchromatin
ch06	40300001	40400000	Euchromatin
ch06	40400001	40500000	Euchromatin
ch06	40500001	40600000	Euchromatin
ch06	40600001	40700000	Euchromatin
ch06	40700001	40800000	Euchromatin
ch06	40800001	40900000	Euchromatin
ch06	40900001	41000000	Euchromatin
ch06	41000001	41100000	Euchromatin
ch06	41100001	41200000	Euchromatin
ch06	41200001	41300000	Euchromatin
ch06	41300001	41400000	Euchromatin
ch06	41400001	41500000	Euchromatin
ch06	41500001	41600000	Euchromatin
ch06	41600001	41700000	Euchromatin
ch06	41700001	41800000	Euchromatin
ch06	41800001	41900000	Euchromatin
ch06	41900001	42000000	Euchromatin
ch06	42000001	42100000	Euchromatin
ch06	42100001	42200000	Euchromatin
ch06	42200001	42300000	Euchromatin
ch06	42300001	42400000	Euchromatin
ch06	42400001	42500000	Euchromatin
ch06	42500001	42600000	Euchromatin
ch06	42600001	42700000	Euchromatin
ch06	42700001	42800000	Euchromatin
ch06	42800001	42900000	Euchromatin
ch06	42900001	43000000	Euchromatin
ch06	43000001	43100000	Euchromatin
ch06	43100001	43200000	Euchromatin
ch06	43200001	43300000	Euchromatin
ch06	43300001	43400000	Euchromatin
ch06	43400001	43500000	Euchromatin
ch06	43500001	43600000	Euchromatin
ch06	43600001	43700000	Euchromatin
ch06	43700001	43800000	Euchromatin
ch06	43800001	43900000	Euchromatin
ch06	43900001	44000000	Euchromatin
ch06	44000001	44100000	Euchromatin
ch06	44100001	44200000	Euchromatin
ch06	44200001	44300000	Euchromatin
ch06	44300001	44400000	Euchromatin
ch06	44400001	44500000	Euchromatin
ch06	44500001	44600000	Euchromatin
ch06	44600001	44700000	Euchromatin
ch06	44700001	44800000	Euchromatin
ch06	44800001	44900000	Euchromatin
ch06	44900001	45000000	Euchromatin
ch06	45000001	45100000	Euchromatin
ch06	45100001	45200000	Euchromatin
ch06	45200001	45300000	Euchromatin
ch06	45300001	45400000	Euchromatin
ch06	45400001	45500000	Euchromatin
ch06	45500001	45600000	Euchromatin
ch06	45600001	45700000	Euchromatin
ch06	45700001	45800000	Euchromatin
ch06	45800001	45900000	Euchromatin
ch06	45900001	46000000	Euchromatin
ch06	46000001	46100000	Euchromatin
ch06	46100001	46200000	Euchromatin
ch06	46200001	46300000	Euchromatin
ch06	46300001	46400000	Euchromatin
ch06	46400001	46500000	Euchromatin
ch06	46500001	46600000	Euchromatin
ch06	46600001	46700000	Euchromatin
ch06	46700001	46800000	Euchromatin
ch06	46800001	46900000	Euchromatin
ch06	46900001	47000000	Euchromatin
ch06	47000001	47100000	Euchromatin
ch06	47100001	47200000	Euchromatin
ch06	47200001	47258699	Euchromatin
ch07	1	100000	Euchromatin
ch07	100001	200000	Euchromatin
ch07	200001	300000	Euchromatin
ch07	300001	400000	Euchromatin
ch07	400001	500000	Euchromatin
ch07	500001	600000	Euchromatin
ch07	600001	700000	Euchromatin
ch07	700001	800000	Euchromatin
ch07	800001	900000	Euchromatin
ch07	900001	1000000	Euchromatin
ch07	1000001	1100000	Euchromatin
ch07	1100001	1200000	Euchromatin
ch07	1200001	1300000	Euchromatin
ch07	1300001	1400000	Euchromatin
ch07	1400001	1500000	Euchromatin
ch07	1500001	1600000	Euchromatin
ch07	1600001	1700000	Euchromatin
ch07	1700001	1800000	Euchromatin
ch07	1800001	1900000	Euchromatin
ch07	1900001	2000000	Euchromatin
ch07	2000001	2100000	Euchromatin
ch07	2100001	2200000	Euchromatin
ch07	2200001	2300000	Euchromatin
ch07	2300001	2400000	Euchromatin
ch07	2400001	2500000	Euchromatin
ch07	2500001	2600000	Euchromatin
ch07	2600001	2700000	Euchromatin
ch07	2700001	2800000	Euchromatin
ch07	2800001	2900000	Euchromatin
ch07	2900001	3000000	Euchromatin
ch07	3000001	3100000	Euchromatin
ch07	3100001	3200000	Euchromatin
ch07	3200001	3300000	Euchromatin
ch07	3300001	3400000	Euchromatin
ch07	3400001	3500000	Euchromatin
ch07	3500001	3600000	Euchromatin
ch07	3600001	3700000	Euchromatin
ch07	3700001	3800000	Euchromatin
ch07	3800001	3900000	Euchromatin
ch07	3900001	4000000	Heterochromatin
ch07	4000001	4100000	Heterochromatin
ch07	4100001	4200000	Heterochromatin
ch07	4200001	4300000	Heterochromatin
ch07	4300001	4400000	Heterochromatin
ch07	4400001	4500000	Heterochromatin
ch07	4500001	4600000	Heterochromatin
ch07	4600001	4700000	Heterochromatin
ch07	4700001	4800000	Heterochromatin
ch07	4800001	4900000	Heterochromatin
ch07	4900001	5000000	Heterochromatin
ch07	5000001	5100000	Heterochromatin
ch07	5100001	5200000	Heterochromatin
ch07	5200001	5300000	Heterochromatin
ch07	5300001	5400000	Heterochromatin
ch07	5400001	5500000	Heterochromatin
ch07	5500001	5600000	Heterochromatin
ch07	5600001	5700000	Heterochromatin
ch07	5700001	5800000	Heterochromatin
ch07	5800001	5900000	Heterochromatin
ch07	5900001	6000000	Heterochromatin
ch07	6000001	6100000	Heterochromatin
ch07	6100001	6200000	Heterochromatin
ch07	6200001	6300000	Heterochromatin
ch07	6300001	6400000	Heterochromatin
ch07	6400001	6500000	Heterochromatin
ch07	6500001	6600000	Heterochromatin
ch07	6600001	6700000	Heterochromatin
ch07	6700001	6800000	Heterochromatin
ch07	6800001	6900000	Heterochromatin
ch07	6900001	7000000	Heterochromatin
ch07	7000001	7100000	Heterochromatin
ch07	7100001	7200000	Heterochromatin
ch07	7200001	7300000	Heterochromatin
ch07	7300001	7400000	Heterochromatin
ch07	7400001	7500000	Heterochromatin
ch07	7500001	7600000	Heterochromatin
ch07	7600001	7700000	Heterochromatin
ch07	7700001	7800000	Heterochromatin
ch07	7800001	7900000	Heterochromatin
ch07	7900001	8000000	Heterochromatin
ch07	8000001	8100000	Heterochromatin
ch07	8100001	8200000	Heterochromatin
ch07	8200001	8300000	Heterochromatin
ch07	8300001	8400000	Heterochromatin
ch07	8400001	8500000	Heterochromatin
ch07	8500001	8600000	Heterochromatin
ch07	8600001	8700000	Heterochromatin
ch07	8700001	8800000	Heterochromatin
ch07	8800001	8900000	Heterochromatin
ch07	8900001	9000000	Heterochromatin
ch07	9000001	9100000	Heterochromatin
ch07	9100001	9200000	Heterochromatin
ch07	9200001	9300000	Heterochromatin
ch07	9300001	9400000	Heterochromatin
ch07	9400001	9500000	Heterochromatin
ch07	9500001	9600000	Heterochromatin
ch07	9600001	9700000	Heterochromatin
ch07	9700001	9800000	Heterochromatin
ch07	9800001	9900000	Heterochromatin
ch07	9900001	10000000	Heterochromatin
ch07	10000001	10100000	Heterochromatin
ch07	10100001	10200000	Heterochromatin
ch07	10200001	10300000	Heterochromatin
ch07	10300001	10400000	Heterochromatin
ch07	10400001	10500000	Heterochromatin
ch07	10500001	10600000	Heterochromatin
ch07	10600001	10700000	Heterochromatin
ch07	10700001	10800000	Heterochromatin
ch07	10800001	10900000	Heterochromatin
ch07	10900001	11000000	Heterochromatin
ch07	11000001	11100000	Heterochromatin
ch07	11100001	11200000	Heterochromatin
ch07	11200001	11300000	Heterochromatin
ch07	11300001	11400000	Heterochromatin
ch07	11400001	11500000	Heterochromatin
ch07	11500001	11600000	Heterochromatin
ch07	11600001	11700000	Heterochromatin
ch07	11700001	11800000	Heterochromatin
ch07	11800001	11900000	Heterochromatin
ch07	11900001	12000000	Heterochromatin
ch07	12000001	12100000	Heterochromatin
ch07	12100001	12200000	Heterochromatin
ch07	12200001	12300000	Heterochromatin
ch07	12300001	12400000	Heterochromatin
ch07	12400001	12500000	Heterochromatin
ch07	12500001	12600000	Heterochromatin
ch07	12600001	12700000	Heterochromatin
ch07	12700001	12800000	Heterochromatin
ch07	12800001	12900000	Heterochromatin
ch07	12900001	13000000	Heterochromatin
ch07	13000001	13100000	Heterochromatin
ch07	13100001	13200000	Heterochromatin
ch07	13200001	13300000	Heterochromatin
ch07	13300001	13400000	Heterochromatin
ch07	13400001	13500000	Heterochromatin
ch07	13500001	13600000	Heterochromatin
ch07	13600001	13700000	Heterochromatin
ch07	13700001	13800000	Heterochromatin
ch07	13800001	13900000	Heterochromatin
ch07	13900001	14000000	Heterochromatin
ch07	14000001	14100000	Heterochromatin
ch07	14100001	14200000	Heterochromatin
ch07	14200001	14300000	Heterochromatin
ch07	14300001	14400000	Heterochromatin
ch07	14400001	14500000	Heterochromatin
ch07	14500001	14600000	Heterochromatin
ch07	14600001	14700000	Heterochromatin
ch07	14700001	14800000	Heterochromatin
ch07	14800001	14900000	Heterochromatin
ch07	14900001	15000000	Heterochromatin
ch07	15000001	15100000	Heterochromatin
ch07	15100001	15200000	Heterochromatin
ch07	15200001	15300000	Heterochromatin
ch07	15300001	15400000	Heterochromatin
ch07	15400001	15500000	Heterochromatin
ch07	15500001	15600000	Heterochromatin
ch07	15600001	15700000	Heterochromatin
ch07	15700001	15800000	Heterochromatin
ch07	15800001	15900000	Heterochromatin
ch07	15900001	16000000	Heterochromatin
ch07	16000001	16100000	Heterochromatin
ch07	16100001	16200000	Heterochromatin
ch07	16200001	16300000	Heterochromatin
ch07	16300001	16400000	Heterochromatin
ch07	16400001	16500000	Heterochromatin
ch07	16500001	16600000	Heterochromatin
ch07	16600001	16700000	Heterochromatin
ch07	16700001	16800000	Heterochromatin
ch07	16800001	16900000	Heterochromatin
ch07	16900001	17000000	Heterochromatin
ch07	17000001	17100000	Heterochromatin
ch07	17100001	17200000	Heterochromatin
ch07	17200001	17300000	Heterochromatin
ch07	17300001	17400000	Heterochromatin
ch07	17400001	17500000	Heterochromatin
ch07	17500001	17600000	Heterochromatin
ch07	17600001	17700000	Heterochromatin
ch07	17700001	17800000	Heterochromatin
ch07	17800001	17900000	Heterochromatin
ch07	17900001	18000000	Heterochromatin
ch07	18000001	18100000	Heterochromatin
ch07	18100001	18200000	Heterochromatin
ch07	18200001	18300000	Heterochromatin
ch07	18300001	18400000	Heterochromatin
ch07	18400001	18500000	Heterochromatin
ch07	18500001	18600000	Heterochromatin
ch07	18600001	18700000	Heterochromatin
ch07	18700001	18800000	Heterochromatin
ch07	18800001	18900000	Heterochromatin
ch07	18900001	19000000	Heterochromatin
ch07	19000001	19100000	Heterochromatin
ch07	19100001	19200000	Heterochromatin
ch07	19200001	19300000	Heterochromatin
ch07	19300001	19400000	Heterochromatin
ch07	19400001	19500000	Heterochromatin
ch07	19500001	19600000	Heterochromatin
ch07	19600001	19700000	Heterochromatin
ch07	19700001	19800000	Heterochromatin
ch07	19800001	19900000	Heterochromatin
ch07	19900001	20000000	Heterochromatin
ch07	20000001	20100000	Heterochromatin
ch07	20100001	20200000	Heterochromatin
ch07	20200001	20300000	Heterochromatin
ch07	20300001	20400000	Heterochromatin
ch07	20400001	20500000	Heterochromatin
ch07	20500001	20600000	Heterochromatin
ch07	20600001	20700000	Heterochromatin
ch07	20700001	20800000	Heterochromatin
ch07	20800001	20900000	Heterochromatin
ch07	20900001	21000000	Heterochromatin
ch07	21000001	21100000	Heterochromatin
ch07	21100001	21200000	Heterochromatin
ch07	21200001	21300000	Heterochromatin
ch07	21300001	21400000	Heterochromatin
ch07	21400001	21500000	Heterochromatin
ch07	21500001	21600000	Heterochromatin
ch07	21600001	21700000	Heterochromatin
ch07	21700001	21800000	Heterochromatin
ch07	21800001	21900000	Heterochromatin
ch07	21900001	22000000	Heterochromatin
ch07	22000001	22100000	Heterochromatin
ch07	22100001	22200000	Heterochromatin
ch07	22200001	22300000	Heterochromatin
ch07	22300001	22400000	Heterochromatin
ch07	22400001	22500000	Heterochromatin
ch07	22500001	22600000	Heterochromatin
ch07	22600001	22700000	Heterochromatin
ch07	22700001	22800000	Heterochromatin
ch07	22800001	22900000	Heterochromatin
ch07	22900001	23000000	Heterochromatin
ch07	23000001	23100000	Heterochromatin
ch07	23100001	23200000	Heterochromatin
ch07	23200001	23300000	Heterochromatin
ch07	23300001	23400000	Heterochromatin
ch07	23400001	23500000	Heterochromatin
ch07	23500001	23600000	Heterochromatin
ch07	23600001	23700000	Heterochromatin
ch07	23700001	23800000	Heterochromatin
ch07	23800001	23900000	Heterochromatin
ch07	23900001	24000000	Heterochromatin
ch07	24000001	24100000	Heterochromatin
ch07	24100001	24200000	Heterochromatin
ch07	24200001	24300000	Heterochromatin
ch07	24300001	24400000	Heterochromatin
ch07	24400001	24500000	Heterochromatin
ch07	24500001	24600000	Heterochromatin
ch07	24600001	24700000	Heterochromatin
ch07	24700001	24800000	Heterochromatin
ch07	24800001	24900000	Heterochromatin
ch07	24900001	25000000	Heterochromatin
ch07	25000001	25100000	Heterochromatin
ch07	25100001	25200000	Heterochromatin
ch07	25200001	25300000	Heterochromatin
ch07	25300001	25400000	Heterochromatin
ch07	25400001	25500000	Heterochromatin
ch07	25500001	25600000	Heterochromatin
ch07	25600001	25700000	Heterochromatin
ch07	25700001	25800000	Heterochromatin
ch07	25800001	25900000	Heterochromatin
ch07	25900001	26000000	Heterochromatin
ch07	26000001	26100000	Heterochromatin
ch07	26100001	26200000	Heterochromatin
ch07	26200001	26300000	Heterochromatin
ch07	26300001	26400000	Heterochromatin
ch07	26400001	26500000	Heterochromatin
ch07	26500001	26600000	Heterochromatin
ch07	26600001	26700000	Heterochromatin
ch07	26700001	26800000	Heterochromatin
ch07	26800001	26900000	Heterochromatin
ch07	26900001	27000000	Heterochromatin
ch07	27000001	27100000	Heterochromatin
ch07	27100001	27200000	Heterochromatin
ch07	27200001	27300000	Heterochromatin
ch07	27300001	27400000	Heterochromatin
ch07	27400001	27500000	Heterochromatin
ch07	27500001	27600000	Heterochromatin
ch07	27600001	27700000	Heterochromatin
ch07	27700001	27800000	Heterochromatin
ch07	27800001	27900000	Heterochromatin
ch07	27900001	28000000	Heterochromatin
ch07	28000001	28100000	Heterochromatin
ch07	28100001	28200000	Heterochromatin
ch07	28200001	28300000	Heterochromatin
ch07	28300001	28400000	Heterochromatin
ch07	28400001	28500000	Heterochromatin
ch07	28500001	28600000	Heterochromatin
ch07	28600001	28700000	Heterochromatin
ch07	28700001	28800000	Heterochromatin
ch07	28800001	28900000	Heterochromatin
ch07	28900001	29000000	Heterochromatin
ch07	29000001	29100000	Heterochromatin
ch07	29100001	29200000	Heterochromatin
ch07	29200001	29300000	Heterochromatin
ch07	29300001	29400000	Heterochromatin
ch07	29400001	29500000	Heterochromatin
ch07	29500001	29600000	Heterochromatin
ch07	29600001	29700000	Heterochromatin
ch07	29700001	29800000	Heterochromatin
ch07	29800001	29900000	Heterochromatin
ch07	29900001	30000000	Heterochromatin
ch07	30000001	30100000	Heterochromatin
ch07	30100001	30200000	Heterochromatin
ch07	30200001	30300000	Heterochromatin
ch07	30300001	30400000	Heterochromatin
ch07	30400001	30500000	Heterochromatin
ch07	30500001	30600000	Heterochromatin
ch07	30600001	30700000	Heterochromatin
ch07	30700001	30800000	Heterochromatin
ch07	30800001	30900000	Heterochromatin
ch07	30900001	31000000	Heterochromatin
ch07	31000001	31100000	Heterochromatin
ch07	31100001	31200000	Heterochromatin
ch07	31200001	31300000	Heterochromatin
ch07	31300001	31400000	Heterochromatin
ch07	31400001	31500000	Heterochromatin
ch07	31500001	31600000	Heterochromatin
ch07	31600001	31700000	Heterochromatin
ch07	31700001	31800000	Heterochromatin
ch07	31800001	31900000	Heterochromatin
ch07	31900001	32000000	Heterochromatin
ch07	32000001	32100000	Heterochromatin
ch07	32100001	32200000	Heterochromatin
ch07	32200001	32300000	Heterochromatin
ch07	32300001	32400000	Heterochromatin
ch07	32400001	32500000	Heterochromatin
ch07	32500001	32600000	Heterochromatin
ch07	32600001	32700000	Heterochromatin
ch07	32700001	32800000	Heterochromatin
ch07	32800001	32900000	Heterochromatin
ch07	32900001	33000000	Heterochromatin
ch07	33000001	33100000	Heterochromatin
ch07	33100001	33200000	Heterochromatin
ch07	33200001	33300000	Heterochromatin
ch07	33300001	33400000	Heterochromatin
ch07	33400001	33500000	Heterochromatin
ch07	33500001	33600000	Heterochromatin
ch07	33600001	33700000	Heterochromatin
ch07	33700001	33800000	Heterochromatin
ch07	33800001	33900000	Heterochromatin
ch07	33900001	34000000	Heterochromatin
ch07	34000001	34100000	Heterochromatin
ch07	34100001	34200000	Heterochromatin
ch07	34200001	34300000	Heterochromatin
ch07	34300001	34400000	Heterochromatin
ch07	34400001	34500000	Heterochromatin
ch07	34500001	34600000	Heterochromatin
ch07	34600001	34700000	Heterochromatin
ch07	34700001	34800000	Heterochromatin
ch07	34800001	34900000	Heterochromatin
ch07	34900001	35000000	Heterochromatin
ch07	35000001	35100000	Heterochromatin
ch07	35100001	35200000	Heterochromatin
ch07	35200001	35300000	Heterochromatin
ch07	35300001	35400000	Heterochromatin
ch07	35400001	35500000	Heterochromatin
ch07	35500001	35600000	Heterochromatin
ch07	35600001	35700000	Heterochromatin
ch07	35700001	35800000	Heterochromatin
ch07	35800001	35900000	Heterochromatin
ch07	35900001	36000000	Heterochromatin
ch07	36000001	36100000	Heterochromatin
ch07	36100001	36200000	Heterochromatin
ch07	36200001	36300000	Heterochromatin
ch07	36300001	36400000	Heterochromatin
ch07	36400001	36500000	Heterochromatin
ch07	36500001	36600000	Heterochromatin
ch07	36600001	36700000	Heterochromatin
ch07	36700001	36800000	Heterochromatin
ch07	36800001	36900000	Heterochromatin
ch07	36900001	37000000	Heterochromatin
ch07	37000001	37100000	Heterochromatin
ch07	37100001	37200000	Heterochromatin
ch07	37200001	37300000	Heterochromatin
ch07	37300001	37400000	Heterochromatin
ch07	37400001	37500000	Heterochromatin
ch07	37500001	37600000	Heterochromatin
ch07	37600001	37700000	Heterochromatin
ch07	37700001	37800000	Heterochromatin
ch07	37800001	37900000	Heterochromatin
ch07	37900001	38000000	Heterochromatin
ch07	38000001	38100000	Heterochromatin
ch07	38100001	38200000	Heterochromatin
ch07	38200001	38300000	Heterochromatin
ch07	38300001	38400000	Heterochromatin
ch07	38400001	38500000	Heterochromatin
ch07	38500001	38600000	Heterochromatin
ch07	38600001	38700000	Heterochromatin
ch07	38700001	38800000	Heterochromatin
ch07	38800001	38900000	Heterochromatin
ch07	38900001	39000000	Heterochromatin
ch07	39000001	39100000	Heterochromatin
ch07	39100001	39200000	Heterochromatin
ch07	39200001	39300000	Heterochromatin
ch07	39300001	39400000	Heterochromatin
ch07	39400001	39500000	Heterochromatin
ch07	39500001	39600000	Heterochromatin
ch07	39600001	39700000	Heterochromatin
ch07	39700001	39800000	Heterochromatin
ch07	39800001	39900000	Heterochromatin
ch07	39900001	40000000	Heterochromatin
ch07	40000001	40100000	Heterochromatin
ch07	40100001	40200000	Heterochromatin
ch07	40200001	40300000	Heterochromatin
ch07	40300001	40400000	Heterochromatin
ch07	40400001	40500000	Heterochromatin
ch07	40500001	40600000	Heterochromatin
ch07	40600001	40700000	Heterochromatin
ch07	40700001	40800000	Heterochromatin
ch07	40800001	40900000	Heterochromatin
ch07	40900001	41000000	Heterochromatin
ch07	41000001	41100000	Heterochromatin
ch07	41100001	41200000	Heterochromatin
ch07	41200001	41300000	Heterochromatin
ch07	41300001	41400000	Heterochromatin
ch07	41400001	41500000	Heterochromatin
ch07	41500001	41600000	Heterochromatin
ch07	41600001	41700000	Heterochromatin
ch07	41700001	41800000	Heterochromatin
ch07	41800001	41900000	Heterochromatin
ch07	41900001	42000000	Heterochromatin
ch07	42000001	42100000	Heterochromatin
ch07	42100001	42200000	Heterochromatin
ch07	42200001	42300000	Heterochromatin
ch07	42300001	42400000	Heterochromatin
ch07	42400001	42500000	Heterochromatin
ch07	42500001	42600000	Heterochromatin
ch07	42600001	42700000	Heterochromatin
ch07	42700001	42800000	Heterochromatin
ch07	42800001	42900000	Heterochromatin
ch07	42900001	43000000	Heterochromatin
ch07	43000001	43100000	Heterochromatin
ch07	43100001	43200000	Heterochromatin
ch07	43200001	43300000	Heterochromatin
ch07	43300001	43400000	Heterochromatin
ch07	43400001	43500000	Heterochromatin
ch07	43500001	43600000	Heterochromatin
ch07	43600001	43700000	Heterochromatin
ch07	43700001	43800000	Heterochromatin
ch07	43800001	43900000	Heterochromatin
ch07	43900001	44000000	Heterochromatin
ch07	44000001	44100000	Heterochromatin
ch07	44100001	44200000	Heterochromatin
ch07	44200001	44300000	Heterochromatin
ch07	44300001	44400000	Heterochromatin
ch07	44400001	44500000	Heterochromatin
ch07	44500001	44600000	Heterochromatin
ch07	44600001	44700000	Heterochromatin
ch07	44700001	44800000	Heterochromatin
ch07	44800001	44900000	Heterochromatin
ch07	44900001	45000000	Heterochromatin
ch07	45000001	45100000	Heterochromatin
ch07	45100001	45200000	Heterochromatin
ch07	45200001	45300000	Heterochromatin
ch07	45300001	45400000	Heterochromatin
ch07	45400001	45500000	Heterochromatin
ch07	45500001	45600000	Heterochromatin
ch07	45600001	45700000	Heterochromatin
ch07	45700001	45800000	Heterochromatin
ch07	45800001	45900000	Heterochromatin
ch07	45900001	46000000	Heterochromatin
ch07	46000001	46100000	Heterochromatin
ch07	46100001	46200000	Heterochromatin
ch07	46200001	46300000	Heterochromatin
ch07	46300001	46400000	Heterochromatin
ch07	46400001	46500000	Heterochromatin
ch07	46500001	46600000	Heterochromatin
ch07	46600001	46700000	Heterochromatin
ch07	46700001	46800000	Heterochromatin
ch07	46800001	46900000	Heterochromatin
ch07	46900001	47000000	Heterochromatin
ch07	47000001	47100000	Heterochromatin
ch07	47100001	47200000	Heterochromatin
ch07	47200001	47300000	Heterochromatin
ch07	47300001	47400000	Heterochromatin
ch07	47400001	47500000	Heterochromatin
ch07	47500001	47600000	Heterochromatin
ch07	47600001	47700000	Heterochromatin
ch07	47700001	47800000	Heterochromatin
ch07	47800001	47900000	Heterochromatin
ch07	47900001	48000000	Heterochromatin
ch07	48000001	48100000	Heterochromatin
ch07	48100001	48200000	Heterochromatin
ch07	48200001	48300000	Heterochromatin
ch07	48300001	48400000	Heterochromatin
ch07	48400001	48500000	Heterochromatin
ch07	48500001	48600000	Heterochromatin
ch07	48600001	48700000	Heterochromatin
ch07	48700001	48800000	Heterochromatin
ch07	48800001	48900000	Heterochromatin
ch07	48900001	49000000	Heterochromatin
ch07	49000001	49100000	Heterochromatin
ch07	49100001	49200000	Heterochromatin
ch07	49200001	49300000	Heterochromatin
ch07	49300001	49400000	Heterochromatin
ch07	49400001	49500000	Heterochromatin
ch07	49500001	49600000	Heterochromatin
ch07	49600001	49700000	Heterochromatin
ch07	49700001	49800000	Heterochromatin
ch07	49800001	49900000	Heterochromatin
ch07	49900001	50000000	Heterochromatin
ch07	50000001	50100000	Heterochromatin
ch07	50100001	50200000	Heterochromatin
ch07	50200001	50300000	Heterochromatin
ch07	50300001	50400000	Heterochromatin
ch07	50400001	50500000	Heterochromatin
ch07	50500001	50600000	Heterochromatin
ch07	50600001	50700000	Heterochromatin
ch07	50700001	50800000	Heterochromatin
ch07	50800001	50900000	Heterochromatin
ch07	50900001	51000000	Heterochromatin
ch07	51000001	51100000	Heterochromatin
ch07	51100001	51200000	Heterochromatin
ch07	51200001	51300000	Heterochromatin
ch07	51300001	51400000	Heterochromatin
ch07	51400001	51500000	Heterochromatin
ch07	51500001	51600000	Heterochromatin
ch07	51600001	51700000	Heterochromatin
ch07	51700001	51800000	Heterochromatin
ch07	51800001	51900000	Heterochromatin
ch07	51900001	52000000	Heterochromatin
ch07	52000001	52100000	Heterochromatin
ch07	52100001	52200000	Heterochromatin
ch07	52200001	52300000	Heterochromatin
ch07	52300001	52400000	Heterochromatin
ch07	52400001	52500000	Heterochromatin
ch07	52500001	52600000	Heterochromatin
ch07	52600001	52700000	Heterochromatin
ch07	52700001	52800000	Heterochromatin
ch07	52800001	52900000	Heterochromatin
ch07	52900001	53000000	Heterochromatin
ch07	53000001	53100000	Heterochromatin
ch07	53100001	53200000	Heterochromatin
ch07	53200001	53300000	Heterochromatin
ch07	53300001	53400000	Heterochromatin
ch07	53400001	53500000	Heterochromatin
ch07	53500001	53600000	Heterochromatin
ch07	53600001	53700000	Heterochromatin
ch07	53700001	53800000	Heterochromatin
ch07	53800001	53900000	Heterochromatin
ch07	53900001	54000000	Heterochromatin
ch07	54000001	54100000	Heterochromatin
ch07	54100001	54200000	Heterochromatin
ch07	54200001	54300000	Heterochromatin
ch07	54300001	54400000	Heterochromatin
ch07	54400001	54500000	Heterochromatin
ch07	54500001	54600000	Heterochromatin
ch07	54600001	54700000	Heterochromatin
ch07	54700001	54800000	Heterochromatin
ch07	54800001	54900000	Heterochromatin
ch07	54900001	55000000	Heterochromatin
ch07	55000001	55100000	Heterochromatin
ch07	55100001	55200000	Heterochromatin
ch07	55200001	55300000	Heterochromatin
ch07	55300001	55400000	Heterochromatin
ch07	55400001	55500000	Heterochromatin
ch07	55500001	55600000	Heterochromatin
ch07	55600001	55700000	Heterochromatin
ch07	55700001	55800000	Heterochromatin
ch07	55800001	55900000	Heterochromatin
ch07	55900001	56000000	Heterochromatin
ch07	56000001	56100000	Heterochromatin
ch07	56100001	56200000	Heterochromatin
ch07	56200001	56300000	Heterochromatin
ch07	56300001	56400000	Heterochromatin
ch07	56400001	56500000	Heterochromatin
ch07	56500001	56600000	Heterochromatin
ch07	56600001	56700000	Heterochromatin
ch07	56700001	56800000	Heterochromatin
ch07	56800001	56900000	Heterochromatin
ch07	56900001	57000000	Heterochromatin
ch07	57000001	57100000	Heterochromatin
ch07	57100001	57200000	Heterochromatin
ch07	57200001	57300000	Heterochromatin
ch07	57300001	57400000	Heterochromatin
ch07	57400001	57500000	Heterochromatin
ch07	57500001	57600000	Heterochromatin
ch07	57600001	57700000	Heterochromatin
ch07	57700001	57800000	Heterochromatin
ch07	57800001	57900000	Heterochromatin
ch07	57900001	58000000	Heterochromatin
ch07	58000001	58100000	Euchromatin
ch07	58100001	58200000	Euchromatin
ch07	58200001	58300000	Euchromatin
ch07	58300001	58400000	Euchromatin
ch07	58400001	58500000	Euchromatin
ch07	58500001	58600000	Euchromatin
ch07	58600001	58700000	Euchromatin
ch07	58700001	58800000	Euchromatin
ch07	58800001	58900000	Euchromatin
ch07	58900001	59000000	Euchromatin
ch07	59000001	59100000	Euchromatin
ch07	59100001	59200000	Euchromatin
ch07	59200001	59300000	Euchromatin
ch07	59300001	59400000	Euchromatin
ch07	59400001	59500000	Euchromatin
ch07	59500001	59600000	Euchromatin
ch07	59600001	59700000	Euchromatin
ch07	59700001	59800000	Euchromatin
ch07	59800001	59900000	Euchromatin
ch07	59900001	60000000	Euchromatin
ch07	60000001	60100000	Euchromatin
ch07	60100001	60200000	Euchromatin
ch07	60200001	60300000	Euchromatin
ch07	60300001	60400000	Euchromatin
ch07	60400001	60500000	Euchromatin
ch07	60500001	60600000	Euchromatin
ch07	60600001	60700000	Euchromatin
ch07	60700001	60800000	Euchromatin
ch07	60800001	60900000	Euchromatin
ch07	60900001	61000000	Euchromatin
ch07	61000001	61100000	Euchromatin
ch07	61100001	61200000	Euchromatin
ch07	61200001	61300000	Euchromatin
ch07	61300001	61400000	Euchromatin
ch07	61400001	61500000	Euchromatin
ch07	61500001	61600000	Euchromatin
ch07	61600001	61700000	Euchromatin
ch07	61700001	61800000	Euchromatin
ch07	61800001	61900000	Euchromatin
ch07	61900001	62000000	Euchromatin
ch07	62000001	62100000	Euchromatin
ch07	62100001	62200000	Euchromatin
ch07	62200001	62300000	Euchromatin
ch07	62300001	62400000	Euchromatin
ch07	62400001	62500000	Euchromatin
ch07	62500001	62600000	Euchromatin
ch07	62600001	62700000	Euchromatin
ch07	62700001	62800000	Euchromatin
ch07	62800001	62900000	Euchromatin
ch07	62900001	63000000	Euchromatin
ch07	63000001	63100000	Euchromatin
ch07	63100001	63200000	Euchromatin
ch07	63200001	63300000	Euchromatin
ch07	63300001	63400000	Euchromatin
ch07	63400001	63500000	Euchromatin
ch07	63500001	63600000	Euchromatin
ch07	63600001	63700000	Euchromatin
ch07	63700001	63800000	Euchromatin
ch07	63800001	63900000	Euchromatin
ch07	63900001	64000000	Euchromatin
ch07	64000001	64100000	Euchromatin
ch07	64100001	64200000	Euchromatin
ch07	64200001	64300000	Euchromatin
ch07	64300001	64400000	Euchromatin
ch07	64400001	64500000	Euchromatin
ch07	64500001	64600000	Euchromatin
ch07	64600001	64700000	Euchromatin
ch07	64700001	64800000	Euchromatin
ch07	64800001	64900000	Euchromatin
ch07	64900001	65000000	Euchromatin
ch07	65000001	65100000	Euchromatin
ch07	65100001	65200000	Euchromatin
ch07	65200001	65300000	Euchromatin
ch07	65300001	65400000	Euchromatin
ch07	65400001	65500000	Euchromatin
ch07	65500001	65600000	Euchromatin
ch07	65600001	65700000	Euchromatin
ch07	65700001	65800000	Euchromatin
ch07	65800001	65900000	Euchromatin
ch07	65900001	66000000	Euchromatin
ch07	66000001	66100000	Euchromatin
ch07	66100001	66200000	Euchromatin
ch07	66200001	66300000	Euchromatin
ch07	66300001	66400000	Euchromatin
ch07	66400001	66500000	Euchromatin
ch07	66500001	66600000	Euchromatin
ch07	66600001	66700000	Euchromatin
ch07	66700001	66800000	Euchromatin
ch07	66800001	66900000	Euchromatin
ch07	66900001	67000000	Euchromatin
ch07	67000001	67100000	Euchromatin
ch07	67100001	67200000	Euchromatin
ch07	67200001	67300000	Euchromatin
ch07	67300001	67400000	Euchromatin
ch07	67400001	67500000	Euchromatin
ch07	67500001	67600000	Euchromatin
ch07	67600001	67700000	Euchromatin
ch07	67700001	67800000	Euchromatin
ch07	67800001	67883646	Euchromatin
ch08	1	100000	Euchromatin
ch08	100001	200000	Euchromatin
ch08	200001	300000	Euchromatin
ch08	300001	400000	Euchromatin
ch08	400001	500000	Euchromatin
ch08	500001	600000	Euchromatin
ch08	600001	700000	Euchromatin
ch08	700001	800000	Euchromatin
ch08	800001	900000	Euchromatin
ch08	900001	1000000	Euchromatin
ch08	1000001	1100000	Euchromatin
ch08	1100001	1200000	Euchromatin
ch08	1200001	1300000	Euchromatin
ch08	1300001	1400000	Euchromatin
ch08	1400001	1500000	Euchromatin
ch08	1500001	1600000	Euchromatin
ch08	1600001	1700000	Euchromatin
ch08	1700001	1800000	Euchromatin
ch08	1800001	1900000	Euchromatin
ch08	1900001	2000000	Euchromatin
ch08	2000001	2100000	Euchromatin
ch08	2100001	2200000	Euchromatin
ch08	2200001	2300000	Euchromatin
ch08	2300001	2400000	Euchromatin
ch08	2400001	2500000	Euchromatin
ch08	2500001	2600000	Euchromatin
ch08	2600001	2700000	Euchromatin
ch08	2700001	2800000	Euchromatin
ch08	2800001	2900000	Euchromatin
ch08	2900001	3000000	Euchromatin
ch08	3000001	3100000	Euchromatin
ch08	3100001	3200000	Euchromatin
ch08	3200001	3300000	Euchromatin
ch08	3300001	3400000	Euchromatin
ch08	3400001	3500000	Euchromatin
ch08	3500001	3600000	Euchromatin
ch08	3600001	3700000	Euchromatin
ch08	3700001	3800000	Heterochromatin
ch08	3800001	3900000	Heterochromatin
ch08	3900001	4000000	Heterochromatin
ch08	4000001	4100000	Heterochromatin
ch08	4100001	4200000	Heterochromatin
ch08	4200001	4300000	Heterochromatin
ch08	4300001	4400000	Heterochromatin
ch08	4400001	4500000	Heterochromatin
ch08	4500001	4600000	Heterochromatin
ch08	4600001	4700000	Heterochromatin
ch08	4700001	4800000	Heterochromatin
ch08	4800001	4900000	Heterochromatin
ch08	4900001	5000000	Heterochromatin
ch08	5000001	5100000	Heterochromatin
ch08	5100001	5200000	Heterochromatin
ch08	5200001	5300000	Heterochromatin
ch08	5300001	5400000	Heterochromatin
ch08	5400001	5500000	Heterochromatin
ch08	5500001	5600000	Heterochromatin
ch08	5600001	5700000	Heterochromatin
ch08	5700001	5800000	Heterochromatin
ch08	5800001	5900000	Heterochromatin
ch08	5900001	6000000	Heterochromatin
ch08	6000001	6100000	Heterochromatin
ch08	6100001	6200000	Heterochromatin
ch08	6200001	6300000	Heterochromatin
ch08	6300001	6400000	Heterochromatin
ch08	6400001	6500000	Heterochromatin
ch08	6500001	6600000	Heterochromatin
ch08	6600001	6700000	Heterochromatin
ch08	6700001	6800000	Heterochromatin
ch08	6800001	6900000	Heterochromatin
ch08	6900001	7000000	Heterochromatin
ch08	7000001	7100000	Heterochromatin
ch08	7100001	7200000	Heterochromatin
ch08	7200001	7300000	Heterochromatin
ch08	7300001	7400000	Heterochromatin
ch08	7400001	7500000	Heterochromatin
ch08	7500001	7600000	Heterochromatin
ch08	7600001	7700000	Heterochromatin
ch08	7700001	7800000	Heterochromatin
ch08	7800001	7900000	Heterochromatin
ch08	7900001	8000000	Heterochromatin
ch08	8000001	8100000	Heterochromatin
ch08	8100001	8200000	Heterochromatin
ch08	8200001	8300000	Heterochromatin
ch08	8300001	8400000	Heterochromatin
ch08	8400001	8500000	Heterochromatin
ch08	8500001	8600000	Heterochromatin
ch08	8600001	8700000	Heterochromatin
ch08	8700001	8800000	Heterochromatin
ch08	8800001	8900000	Heterochromatin
ch08	8900001	9000000	Heterochromatin
ch08	9000001	9100000	Heterochromatin
ch08	9100001	9200000	Heterochromatin
ch08	9200001	9300000	Heterochromatin
ch08	9300001	9400000	Heterochromatin
ch08	9400001	9500000	Heterochromatin
ch08	9500001	9600000	Heterochromatin
ch08	9600001	9700000	Heterochromatin
ch08	9700001	9800000	Heterochromatin
ch08	9800001	9900000	Heterochromatin
ch08	9900001	10000000	Heterochromatin
ch08	10000001	10100000	Heterochromatin
ch08	10100001	10200000	Heterochromatin
ch08	10200001	10300000	Heterochromatin
ch08	10300001	10400000	Heterochromatin
ch08	10400001	10500000	Heterochromatin
ch08	10500001	10600000	Heterochromatin
ch08	10600001	10700000	Heterochromatin
ch08	10700001	10800000	Heterochromatin
ch08	10800001	10900000	Heterochromatin
ch08	10900001	11000000	Heterochromatin
ch08	11000001	11100000	Heterochromatin
ch08	11100001	11200000	Heterochromatin
ch08	11200001	11300000	Heterochromatin
ch08	11300001	11400000	Heterochromatin
ch08	11400001	11500000	Heterochromatin
ch08	11500001	11600000	Heterochromatin
ch08	11600001	11700000	Heterochromatin
ch08	11700001	11800000	Heterochromatin
ch08	11800001	11900000	Heterochromatin
ch08	11900001	12000000	Heterochromatin
ch08	12000001	12100000	Heterochromatin
ch08	12100001	12200000	Heterochromatin
ch08	12200001	12300000	Heterochromatin
ch08	12300001	12400000	Heterochromatin
ch08	12400001	12500000	Heterochromatin
ch08	12500001	12600000	Heterochromatin
ch08	12600001	12700000	Heterochromatin
ch08	12700001	12800000	Heterochromatin
ch08	12800001	12900000	Heterochromatin
ch08	12900001	13000000	Heterochromatin
ch08	13000001	13100000	Heterochromatin
ch08	13100001	13200000	Heterochromatin
ch08	13200001	13300000	Heterochromatin
ch08	13300001	13400000	Heterochromatin
ch08	13400001	13500000	Heterochromatin
ch08	13500001	13600000	Heterochromatin
ch08	13600001	13700000	Heterochromatin
ch08	13700001	13800000	Heterochromatin
ch08	13800001	13900000	Heterochromatin
ch08	13900001	14000000	Heterochromatin
ch08	14000001	14100000	Heterochromatin
ch08	14100001	14200000	Heterochromatin
ch08	14200001	14300000	Heterochromatin
ch08	14300001	14400000	Heterochromatin
ch08	14400001	14500000	Heterochromatin
ch08	14500001	14600000	Heterochromatin
ch08	14600001	14700000	Heterochromatin
ch08	14700001	14800000	Heterochromatin
ch08	14800001	14900000	Heterochromatin
ch08	14900001	15000000	Heterochromatin
ch08	15000001	15100000	Heterochromatin
ch08	15100001	15200000	Heterochromatin
ch08	15200001	15300000	Heterochromatin
ch08	15300001	15400000	Heterochromatin
ch08	15400001	15500000	Heterochromatin
ch08	15500001	15600000	Heterochromatin
ch08	15600001	15700000	Heterochromatin
ch08	15700001	15800000	Heterochromatin
ch08	15800001	15900000	Heterochromatin
ch08	15900001	16000000	Heterochromatin
ch08	16000001	16100000	Heterochromatin
ch08	16100001	16200000	Heterochromatin
ch08	16200001	16300000	Heterochromatin
ch08	16300001	16400000	Heterochromatin
ch08	16400001	16500000	Heterochromatin
ch08	16500001	16600000	Heterochromatin
ch08	16600001	16700000	Heterochromatin
ch08	16700001	16800000	Heterochromatin
ch08	16800001	16900000	Heterochromatin
ch08	16900001	17000000	Heterochromatin
ch08	17000001	17100000	Heterochromatin
ch08	17100001	17200000	Heterochromatin
ch08	17200001	17300000	Heterochromatin
ch08	17300001	17400000	Heterochromatin
ch08	17400001	17500000	Heterochromatin
ch08	17500001	17600000	Heterochromatin
ch08	17600001	17700000	Heterochromatin
ch08	17700001	17800000	Heterochromatin
ch08	17800001	17900000	Heterochromatin
ch08	17900001	18000000	Heterochromatin
ch08	18000001	18100000	Heterochromatin
ch08	18100001	18200000	Heterochromatin
ch08	18200001	18300000	Heterochromatin
ch08	18300001	18400000	Heterochromatin
ch08	18400001	18500000	Heterochromatin
ch08	18500001	18600000	Heterochromatin
ch08	18600001	18700000	Heterochromatin
ch08	18700001	18800000	Heterochromatin
ch08	18800001	18900000	Heterochromatin
ch08	18900001	19000000	Heterochromatin
ch08	19000001	19100000	Heterochromatin
ch08	19100001	19200000	Heterochromatin
ch08	19200001	19300000	Heterochromatin
ch08	19300001	19400000	Heterochromatin
ch08	19400001	19500000	Heterochromatin
ch08	19500001	19600000	Heterochromatin
ch08	19600001	19700000	Heterochromatin
ch08	19700001	19800000	Heterochromatin
ch08	19800001	19900000	Heterochromatin
ch08	19900001	20000000	Heterochromatin
ch08	20000001	20100000	Heterochromatin
ch08	20100001	20200000	Heterochromatin
ch08	20200001	20300000	Heterochromatin
ch08	20300001	20400000	Heterochromatin
ch08	20400001	20500000	Heterochromatin
ch08	20500001	20600000	Heterochromatin
ch08	20600001	20700000	Heterochromatin
ch08	20700001	20800000	Heterochromatin
ch08	20800001	20900000	Heterochromatin
ch08	20900001	21000000	Heterochromatin
ch08	21000001	21100000	Heterochromatin
ch08	21100001	21200000	Heterochromatin
ch08	21200001	21300000	Heterochromatin
ch08	21300001	21400000	Heterochromatin
ch08	21400001	21500000	Heterochromatin
ch08	21500001	21600000	Heterochromatin
ch08	21600001	21700000	Heterochromatin
ch08	21700001	21800000	Heterochromatin
ch08	21800001	21900000	Heterochromatin
ch08	21900001	22000000	Heterochromatin
ch08	22000001	22100000	Heterochromatin
ch08	22100001	22200000	Heterochromatin
ch08	22200001	22300000	Heterochromatin
ch08	22300001	22400000	Heterochromatin
ch08	22400001	22500000	Heterochromatin
ch08	22500001	22600000	Heterochromatin
ch08	22600001	22700000	Heterochromatin
ch08	22700001	22800000	Heterochromatin
ch08	22800001	22900000	Heterochromatin
ch08	22900001	23000000	Heterochromatin
ch08	23000001	23100000	Heterochromatin
ch08	23100001	23200000	Heterochromatin
ch08	23200001	23300000	Heterochromatin
ch08	23300001	23400000	Heterochromatin
ch08	23400001	23500000	Heterochromatin
ch08	23500001	23600000	Heterochromatin
ch08	23600001	23700000	Heterochromatin
ch08	23700001	23800000	Heterochromatin
ch08	23800001	23900000	Heterochromatin
ch08	23900001	24000000	Heterochromatin
ch08	24000001	24100000	Heterochromatin
ch08	24100001	24200000	Heterochromatin
ch08	24200001	24300000	Heterochromatin
ch08	24300001	24400000	Heterochromatin
ch08	24400001	24500000	Heterochromatin
ch08	24500001	24600000	Heterochromatin
ch08	24600001	24700000	Heterochromatin
ch08	24700001	24800000	Heterochromatin
ch08	24800001	24900000	Heterochromatin
ch08	24900001	25000000	Heterochromatin
ch08	25000001	25100000	Heterochromatin
ch08	25100001	25200000	Heterochromatin
ch08	25200001	25300000	Heterochromatin
ch08	25300001	25400000	Heterochromatin
ch08	25400001	25500000	Heterochromatin
ch08	25500001	25600000	Heterochromatin
ch08	25600001	25700000	Heterochromatin
ch08	25700001	25800000	Heterochromatin
ch08	25800001	25900000	Heterochromatin
ch08	25900001	26000000	Heterochromatin
ch08	26000001	26100000	Heterochromatin
ch08	26100001	26200000	Heterochromatin
ch08	26200001	26300000	Heterochromatin
ch08	26300001	26400000	Heterochromatin
ch08	26400001	26500000	Heterochromatin
ch08	26500001	26600000	Heterochromatin
ch08	26600001	26700000	Heterochromatin
ch08	26700001	26800000	Heterochromatin
ch08	26800001	26900000	Heterochromatin
ch08	26900001	27000000	Heterochromatin
ch08	27000001	27100000	Heterochromatin
ch08	27100001	27200000	Heterochromatin
ch08	27200001	27300000	Heterochromatin
ch08	27300001	27400000	Heterochromatin
ch08	27400001	27500000	Heterochromatin
ch08	27500001	27600000	Heterochromatin
ch08	27600001	27700000	Heterochromatin
ch08	27700001	27800000	Heterochromatin
ch08	27800001	27900000	Heterochromatin
ch08	27900001	28000000	Heterochromatin
ch08	28000001	28100000	Heterochromatin
ch08	28100001	28200000	Heterochromatin
ch08	28200001	28300000	Heterochromatin
ch08	28300001	28400000	Heterochromatin
ch08	28400001	28500000	Heterochromatin
ch08	28500001	28600000	Heterochromatin
ch08	28600001	28700000	Heterochromatin
ch08	28700001	28800000	Heterochromatin
ch08	28800001	28900000	Heterochromatin
ch08	28900001	29000000	Heterochromatin
ch08	29000001	29100000	Heterochromatin
ch08	29100001	29200000	Heterochromatin
ch08	29200001	29300000	Heterochromatin
ch08	29300001	29400000	Heterochromatin
ch08	29400001	29500000	Heterochromatin
ch08	29500001	29600000	Heterochromatin
ch08	29600001	29700000	Heterochromatin
ch08	29700001	29800000	Heterochromatin
ch08	29800001	29900000	Heterochromatin
ch08	29900001	30000000	Heterochromatin
ch08	30000001	30100000	Heterochromatin
ch08	30100001	30200000	Heterochromatin
ch08	30200001	30300000	Heterochromatin
ch08	30300001	30400000	Heterochromatin
ch08	30400001	30500000	Heterochromatin
ch08	30500001	30600000	Heterochromatin
ch08	30600001	30700000	Heterochromatin
ch08	30700001	30800000	Heterochromatin
ch08	30800001	30900000	Heterochromatin
ch08	30900001	31000000	Heterochromatin
ch08	31000001	31100000	Heterochromatin
ch08	31100001	31200000	Heterochromatin
ch08	31200001	31300000	Heterochromatin
ch08	31300001	31400000	Heterochromatin
ch08	31400001	31500000	Heterochromatin
ch08	31500001	31600000	Heterochromatin
ch08	31600001	31700000	Heterochromatin
ch08	31700001	31800000	Heterochromatin
ch08	31800001	31900000	Heterochromatin
ch08	31900001	32000000	Heterochromatin
ch08	32000001	32100000	Heterochromatin
ch08	32100001	32200000	Heterochromatin
ch08	32200001	32300000	Heterochromatin
ch08	32300001	32400000	Heterochromatin
ch08	32400001	32500000	Heterochromatin
ch08	32500001	32600000	Heterochromatin
ch08	32600001	32700000	Heterochromatin
ch08	32700001	32800000	Heterochromatin
ch08	32800001	32900000	Heterochromatin
ch08	32900001	33000000	Heterochromatin
ch08	33000001	33100000	Heterochromatin
ch08	33100001	33200000	Heterochromatin
ch08	33200001	33300000	Heterochromatin
ch08	33300001	33400000	Heterochromatin
ch08	33400001	33500000	Heterochromatin
ch08	33500001	33600000	Heterochromatin
ch08	33600001	33700000	Heterochromatin
ch08	33700001	33800000	Heterochromatin
ch08	33800001	33900000	Heterochromatin
ch08	33900001	34000000	Heterochromatin
ch08	34000001	34100000	Heterochromatin
ch08	34100001	34200000	Heterochromatin
ch08	34200001	34300000	Heterochromatin
ch08	34300001	34400000	Heterochromatin
ch08	34400001	34500000	Heterochromatin
ch08	34500001	34600000	Heterochromatin
ch08	34600001	34700000	Heterochromatin
ch08	34700001	34800000	Heterochromatin
ch08	34800001	34900000	Heterochromatin
ch08	34900001	35000000	Heterochromatin
ch08	35000001	35100000	Heterochromatin
ch08	35100001	35200000	Heterochromatin
ch08	35200001	35300000	Heterochromatin
ch08	35300001	35400000	Heterochromatin
ch08	35400001	35500000	Heterochromatin
ch08	35500001	35600000	Heterochromatin
ch08	35600001	35700000	Heterochromatin
ch08	35700001	35800000	Heterochromatin
ch08	35800001	35900000	Heterochromatin
ch08	35900001	36000000	Heterochromatin
ch08	36000001	36100000	Heterochromatin
ch08	36100001	36200000	Heterochromatin
ch08	36200001	36300000	Heterochromatin
ch08	36300001	36400000	Heterochromatin
ch08	36400001	36500000	Heterochromatin
ch08	36500001	36600000	Heterochromatin
ch08	36600001	36700000	Heterochromatin
ch08	36700001	36800000	Heterochromatin
ch08	36800001	36900000	Heterochromatin
ch08	36900001	37000000	Heterochromatin
ch08	37000001	37100000	Heterochromatin
ch08	37100001	37200000	Heterochromatin
ch08	37200001	37300000	Heterochromatin
ch08	37300001	37400000	Heterochromatin
ch08	37400001	37500000	Heterochromatin
ch08	37500001	37600000	Heterochromatin
ch08	37600001	37700000	Heterochromatin
ch08	37700001	37800000	Heterochromatin
ch08	37800001	37900000	Heterochromatin
ch08	37900001	38000000	Heterochromatin
ch08	38000001	38100000	Heterochromatin
ch08	38100001	38200000	Heterochromatin
ch08	38200001	38300000	Heterochromatin
ch08	38300001	38400000	Heterochromatin
ch08	38400001	38500000	Heterochromatin
ch08	38500001	38600000	Heterochromatin
ch08	38600001	38700000	Heterochromatin
ch08	38700001	38800000	Heterochromatin
ch08	38800001	38900000	Heterochromatin
ch08	38900001	39000000	Heterochromatin
ch08	39000001	39100000	Heterochromatin
ch08	39100001	39200000	Heterochromatin
ch08	39200001	39300000	Heterochromatin
ch08	39300001	39400000	Heterochromatin
ch08	39400001	39500000	Heterochromatin
ch08	39500001	39600000	Heterochromatin
ch08	39600001	39700000	Heterochromatin
ch08	39700001	39800000	Heterochromatin
ch08	39800001	39900000	Heterochromatin
ch08	39900001	40000000	Heterochromatin
ch08	40000001	40100000	Heterochromatin
ch08	40100001	40200000	Heterochromatin
ch08	40200001	40300000	Heterochromatin
ch08	40300001	40400000	Heterochromatin
ch08	40400001	40500000	Heterochromatin
ch08	40500001	40600000	Heterochromatin
ch08	40600001	40700000	Heterochromatin
ch08	40700001	40800000	Heterochromatin
ch08	40800001	40900000	Heterochromatin
ch08	40900001	41000000	Heterochromatin
ch08	41000001	41100000	Heterochromatin
ch08	41100001	41200000	Heterochromatin
ch08	41200001	41300000	Heterochromatin
ch08	41300001	41400000	Heterochromatin
ch08	41400001	41500000	Heterochromatin
ch08	41500001	41600000	Heterochromatin
ch08	41600001	41700000	Heterochromatin
ch08	41700001	41800000	Heterochromatin
ch08	41800001	41900000	Heterochromatin
ch08	41900001	42000000	Heterochromatin
ch08	42000001	42100000	Heterochromatin
ch08	42100001	42200000	Heterochromatin
ch08	42200001	42300000	Heterochromatin
ch08	42300001	42400000	Heterochromatin
ch08	42400001	42500000	Heterochromatin
ch08	42500001	42600000	Heterochromatin
ch08	42600001	42700000	Heterochromatin
ch08	42700001	42800000	Heterochromatin
ch08	42800001	42900000	Heterochromatin
ch08	42900001	43000000	Heterochromatin
ch08	43000001	43100000	Heterochromatin
ch08	43100001	43200000	Heterochromatin
ch08	43200001	43300000	Heterochromatin
ch08	43300001	43400000	Heterochromatin
ch08	43400001	43500000	Heterochromatin
ch08	43500001	43600000	Heterochromatin
ch08	43600001	43700000	Heterochromatin
ch08	43700001	43800000	Heterochromatin
ch08	43800001	43900000	Heterochromatin
ch08	43900001	44000000	Heterochromatin
ch08	44000001	44100000	Heterochromatin
ch08	44100001	44200000	Heterochromatin
ch08	44200001	44300000	Heterochromatin
ch08	44300001	44400000	Heterochromatin
ch08	44400001	44500000	Heterochromatin
ch08	44500001	44600000	Heterochromatin
ch08	44600001	44700000	Heterochromatin
ch08	44700001	44800000	Heterochromatin
ch08	44800001	44900000	Heterochromatin
ch08	44900001	45000000	Heterochromatin
ch08	45000001	45100000	Heterochromatin
ch08	45100001	45200000	Heterochromatin
ch08	45200001	45300000	Heterochromatin
ch08	45300001	45400000	Heterochromatin
ch08	45400001	45500000	Heterochromatin
ch08	45500001	45600000	Heterochromatin
ch08	45600001	45700000	Heterochromatin
ch08	45700001	45800000	Heterochromatin
ch08	45800001	45900000	Heterochromatin
ch08	45900001	46000000	Heterochromatin
ch08	46000001	46100000	Heterochromatin
ch08	46100001	46200000	Heterochromatin
ch08	46200001	46300000	Heterochromatin
ch08	46300001	46400000	Heterochromatin
ch08	46400001	46500000	Heterochromatin
ch08	46500001	46600000	Heterochromatin
ch08	46600001	46700000	Heterochromatin
ch08	46700001	46800000	Heterochromatin
ch08	46800001	46900000	Heterochromatin
ch08	46900001	47000000	Heterochromatin
ch08	47000001	47100000	Heterochromatin
ch08	47100001	47200000	Heterochromatin
ch08	47200001	47300000	Heterochromatin
ch08	47300001	47400000	Heterochromatin
ch08	47400001	47500000	Heterochromatin
ch08	47500001	47600000	Heterochromatin
ch08	47600001	47700000	Heterochromatin
ch08	47700001	47800000	Heterochromatin
ch08	47800001	47900000	Heterochromatin
ch08	47900001	48000000	Heterochromatin
ch08	48000001	48100000	Heterochromatin
ch08	48100001	48200000	Heterochromatin
ch08	48200001	48300000	Heterochromatin
ch08	48300001	48400000	Heterochromatin
ch08	48400001	48500000	Heterochromatin
ch08	48500001	48600000	Heterochromatin
ch08	48600001	48700000	Heterochromatin
ch08	48700001	48800000	Heterochromatin
ch08	48800001	48900000	Heterochromatin
ch08	48900001	49000000	Heterochromatin
ch08	49000001	49100000	Heterochromatin
ch08	49100001	49200000	Heterochromatin
ch08	49200001	49300000	Heterochromatin
ch08	49300001	49400000	Heterochromatin
ch08	49400001	49500000	Heterochromatin
ch08	49500001	49600000	Heterochromatin
ch08	49600001	49700000	Heterochromatin
ch08	49700001	49800000	Heterochromatin
ch08	49800001	49900000	Heterochromatin
ch08	49900001	50000000	Heterochromatin
ch08	50000001	50100000	Heterochromatin
ch08	50100001	50200000	Heterochromatin
ch08	50200001	50300000	Heterochromatin
ch08	50300001	50400000	Heterochromatin
ch08	50400001	50500000	Heterochromatin
ch08	50500001	50600000	Heterochromatin
ch08	50600001	50700000	Heterochromatin
ch08	50700001	50800000	Heterochromatin
ch08	50800001	50900000	Heterochromatin
ch08	50900001	51000000	Heterochromatin
ch08	51000001	51100000	Heterochromatin
ch08	51100001	51200000	Heterochromatin
ch08	51200001	51300000	Heterochromatin
ch08	51300001	51400000	Heterochromatin
ch08	51400001	51500000	Heterochromatin
ch08	51500001	51600000	Heterochromatin
ch08	51600001	51700000	Heterochromatin
ch08	51700001	51800000	Heterochromatin
ch08	51800001	51900000	Heterochromatin
ch08	51900001	52000000	Heterochromatin
ch08	52000001	52100000	Heterochromatin
ch08	52100001	52200000	Heterochromatin
ch08	52200001	52300000	Heterochromatin
ch08	52300001	52400000	Heterochromatin
ch08	52400001	52500000	Heterochromatin
ch08	52500001	52600000	Heterochromatin
ch08	52600001	52700000	Heterochromatin
ch08	52700001	52800000	Heterochromatin
ch08	52800001	52900000	Heterochromatin
ch08	52900001	53000000	Heterochromatin
ch08	53000001	53100000	Heterochromatin
ch08	53100001	53200000	Heterochromatin
ch08	53200001	53300000	Heterochromatin
ch08	53300001	53400000	Heterochromatin
ch08	53400001	53500000	Heterochromatin
ch08	53500001	53600000	Euchromatin
ch08	53600001	53700000	Euchromatin
ch08	53700001	53800000	Euchromatin
ch08	53800001	53900000	Euchromatin
ch08	53900001	54000000	Euchromatin
ch08	54000001	54100000	Euchromatin
ch08	54100001	54200000	Euchromatin
ch08	54200001	54300000	Euchromatin
ch08	54300001	54400000	Euchromatin
ch08	54400001	54500000	Euchromatin
ch08	54500001	54600000	Euchromatin
ch08	54600001	54700000	Euchromatin
ch08	54700001	54800000	Euchromatin
ch08	54800001	54900000	Euchromatin
ch08	54900001	55000000	Euchromatin
ch08	55000001	55100000	Euchromatin
ch08	55100001	55200000	Euchromatin
ch08	55200001	55300000	Euchromatin
ch08	55300001	55400000	Euchromatin
ch08	55400001	55500000	Euchromatin
ch08	55500001	55600000	Euchromatin
ch08	55600001	55700000	Euchromatin
ch08	55700001	55800000	Euchromatin
ch08	55800001	55900000	Euchromatin
ch08	55900001	56000000	Euchromatin
ch08	56000001	56100000	Euchromatin
ch08	56100001	56200000	Euchromatin
ch08	56200001	56300000	Euchromatin
ch08	56300001	56400000	Euchromatin
ch08	56400001	56500000	Euchromatin
ch08	56500001	56600000	Euchromatin
ch08	56600001	56700000	Euchromatin
ch08	56700001	56800000	Euchromatin
ch08	56800001	56900000	Euchromatin
ch08	56900001	57000000	Euchromatin
ch08	57000001	57100000	Euchromatin
ch08	57100001	57200000	Euchromatin
ch08	57200001	57300000	Euchromatin
ch08	57300001	57400000	Euchromatin
ch08	57400001	57500000	Euchromatin
ch08	57500001	57600000	Euchromatin
ch08	57600001	57700000	Euchromatin
ch08	57700001	57800000	Euchromatin
ch08	57800001	57900000	Euchromatin
ch08	57900001	58000000	Euchromatin
ch08	58000001	58100000	Euchromatin
ch08	58100001	58200000	Euchromatin
ch08	58200001	58300000	Euchromatin
ch08	58300001	58400000	Euchromatin
ch08	58400001	58500000	Euchromatin
ch08	58500001	58600000	Euchromatin
ch08	58600001	58700000	Euchromatin
ch08	58700001	58800000	Euchromatin
ch08	58800001	58900000	Euchromatin
ch08	58900001	59000000	Euchromatin
ch08	59000001	59100000	Euchromatin
ch08	59100001	59200000	Euchromatin
ch08	59200001	59300000	Euchromatin
ch08	59300001	59400000	Euchromatin
ch08	59400001	59500000	Euchromatin
ch08	59500001	59600000	Euchromatin
ch08	59600001	59700000	Euchromatin
ch08	59700001	59800000	Euchromatin
ch08	59800001	59900000	Euchromatin
ch08	59900001	60000000	Euchromatin
ch08	60000001	60100000	Euchromatin
ch08	60100001	60200000	Euchromatin
ch08	60200001	60300000	Euchromatin
ch08	60300001	60400000	Euchromatin
ch08	60400001	60500000	Euchromatin
ch08	60500001	60600000	Euchromatin
ch08	60600001	60700000	Euchromatin
ch08	60700001	60800000	Euchromatin
ch08	60800001	60900000	Euchromatin
ch08	60900001	61000000	Euchromatin
ch08	61000001	61100000	Euchromatin
ch08	61100001	61200000	Euchromatin
ch08	61200001	61300000	Euchromatin
ch08	61300001	61400000	Euchromatin
ch08	61400001	61500000	Euchromatin
ch08	61500001	61600000	Euchromatin
ch08	61600001	61700000	Euchromatin
ch08	61700001	61800000	Euchromatin
ch08	61800001	61900000	Euchromatin
ch08	61900001	62000000	Euchromatin
ch08	62000001	62100000	Euchromatin
ch08	62100001	62200000	Euchromatin
ch08	62200001	62300000	Euchromatin
ch08	62300001	62400000	Euchromatin
ch08	62400001	62500000	Euchromatin
ch08	62500001	62600000	Euchromatin
ch08	62600001	62700000	Euchromatin
ch08	62700001	62800000	Euchromatin
ch08	62800001	62900000	Euchromatin
ch08	62900001	63000000	Euchromatin
ch08	63000001	63100000	Euchromatin
ch08	63100001	63200000	Euchromatin
ch08	63200001	63300000	Euchromatin
ch08	63300001	63400000	Euchromatin
ch08	63400001	63500000	Euchromatin
ch08	63500001	63600000	Euchromatin
ch08	63600001	63700000	Euchromatin
ch08	63700001	63800000	Euchromatin
ch08	63800001	63900000	Euchromatin
ch08	63900001	63995357	Euchromatin
ch09	1	100000	Euchromatin
ch09	100001	200000	Euchromatin
ch09	200001	300000	Euchromatin
ch09	300001	400000	Euchromatin
ch09	400001	500000	Euchromatin
ch09	500001	600000	Euchromatin
ch09	600001	700000	Euchromatin
ch09	700001	800000	Euchromatin
ch09	800001	900000	Euchromatin
ch09	900001	1000000	Euchromatin
ch09	1000001	1100000	Euchromatin
ch09	1100001	1200000	Euchromatin
ch09	1200001	1300000	Euchromatin
ch09	1300001	1400000	Euchromatin
ch09	1400001	1500000	Euchromatin
ch09	1500001	1600000	Euchromatin
ch09	1600001	1700000	Euchromatin
ch09	1700001	1800000	Euchromatin
ch09	1800001	1900000	Euchromatin
ch09	1900001	2000000	Euchromatin
ch09	2000001	2100000	Euchromatin
ch09	2100001	2200000	Euchromatin
ch09	2200001	2300000	Euchromatin
ch09	2300001	2400000	Euchromatin
ch09	2400001	2500000	Euchromatin
ch09	2500001	2600000	Euchromatin
ch09	2600001	2700000	Euchromatin
ch09	2700001	2800000	Euchromatin
ch09	2800001	2900000	Euchromatin
ch09	2900001	3000000	Euchromatin
ch09	3000001	3100000	Euchromatin
ch09	3100001	3200000	Euchromatin
ch09	3200001	3300000	Euchromatin
ch09	3300001	3400000	Euchromatin
ch09	3400001	3500000	Euchromatin
ch09	3500001	3600000	Euchromatin
ch09	3600001	3700000	Euchromatin
ch09	3700001	3800000	Euchromatin
ch09	3800001	3900000	Euchromatin
ch09	3900001	4000000	Euchromatin
ch09	4000001	4100000	Euchromatin
ch09	4100001	4200000	Euchromatin
ch09	4200001	4300000	Euchromatin
ch09	4300001	4400000	Euchromatin
ch09	4400001	4500000	Euchromatin
ch09	4500001	4600000	Euchromatin
ch09	4600001	4700000	Euchromatin
ch09	4700001	4800000	Euchromatin
ch09	4800001	4900000	Euchromatin
ch09	4900001	5000000	Euchromatin
ch09	5000001	5100000	Euchromatin
ch09	5100001	5200000	Euchromatin
ch09	5200001	5300000	Euchromatin
ch09	5300001	5400000	Euchromatin
ch09	5400001	5500000	Euchromatin
ch09	5500001	5600000	Heterochromatin
ch09	5600001	5700000	Heterochromatin
ch09	5700001	5800000	Heterochromatin
ch09	5800001	5900000	Heterochromatin
ch09	5900001	6000000	Heterochromatin
ch09	6000001	6100000	Heterochromatin
ch09	6100001	6200000	Heterochromatin
ch09	6200001	6300000	Heterochromatin
ch09	6300001	6400000	Heterochromatin
ch09	6400001	6500000	Heterochromatin
ch09	6500001	6600000	Heterochromatin
ch09	6600001	6700000	Heterochromatin
ch09	6700001	6800000	Heterochromatin
ch09	6800001	6900000	Heterochromatin
ch09	6900001	7000000	Heterochromatin
ch09	7000001	7100000	Heterochromatin
ch09	7100001	7200000	Heterochromatin
ch09	7200001	7300000	Heterochromatin
ch09	7300001	7400000	Heterochromatin
ch09	7400001	7500000	Heterochromatin
ch09	7500001	7600000	Heterochromatin
ch09	7600001	7700000	Heterochromatin
ch09	7700001	7800000	Heterochromatin
ch09	7800001	7900000	Heterochromatin
ch09	7900001	8000000	Heterochromatin
ch09	8000001	8100000	Heterochromatin
ch09	8100001	8200000	Heterochromatin
ch09	8200001	8300000	Heterochromatin
ch09	8300001	8400000	Heterochromatin
ch09	8400001	8500000	Heterochromatin
ch09	8500001	8600000	Heterochromatin
ch09	8600001	8700000	Heterochromatin
ch09	8700001	8800000	Heterochromatin
ch09	8800001	8900000	Heterochromatin
ch09	8900001	9000000	Heterochromatin
ch09	9000001	9100000	Heterochromatin
ch09	9100001	9200000	Heterochromatin
ch09	9200001	9300000	Heterochromatin
ch09	9300001	9400000	Heterochromatin
ch09	9400001	9500000	Heterochromatin
ch09	9500001	9600000	Heterochromatin
ch09	9600001	9700000	Heterochromatin
ch09	9700001	9800000	Heterochromatin
ch09	9800001	9900000	Heterochromatin
ch09	9900001	10000000	Heterochromatin
ch09	10000001	10100000	Heterochromatin
ch09	10100001	10200000	Heterochromatin
ch09	10200001	10300000	Heterochromatin
ch09	10300001	10400000	Heterochromatin
ch09	10400001	10500000	Heterochromatin
ch09	10500001	10600000	Heterochromatin
ch09	10600001	10700000	Heterochromatin
ch09	10700001	10800000	Heterochromatin
ch09	10800001	10900000	Heterochromatin
ch09	10900001	11000000	Heterochromatin
ch09	11000001	11100000	Heterochromatin
ch09	11100001	11200000	Heterochromatin
ch09	11200001	11300000	Heterochromatin
ch09	11300001	11400000	Heterochromatin
ch09	11400001	11500000	Heterochromatin
ch09	11500001	11600000	Heterochromatin
ch09	11600001	11700000	Heterochromatin
ch09	11700001	11800000	Heterochromatin
ch09	11800001	11900000	Heterochromatin
ch09	11900001	12000000	Heterochromatin
ch09	12000001	12100000	Heterochromatin
ch09	12100001	12200000	Heterochromatin
ch09	12200001	12300000	Heterochromatin
ch09	12300001	12400000	Heterochromatin
ch09	12400001	12500000	Heterochromatin
ch09	12500001	12600000	Heterochromatin
ch09	12600001	12700000	Heterochromatin
ch09	12700001	12800000	Heterochromatin
ch09	12800001	12900000	Heterochromatin
ch09	12900001	13000000	Heterochromatin
ch09	13000001	13100000	Heterochromatin
ch09	13100001	13200000	Heterochromatin
ch09	13200001	13300000	Heterochromatin
ch09	13300001	13400000	Heterochromatin
ch09	13400001	13500000	Heterochromatin
ch09	13500001	13600000	Heterochromatin
ch09	13600001	13700000	Heterochromatin
ch09	13700001	13800000	Heterochromatin
ch09	13800001	13900000	Heterochromatin
ch09	13900001	14000000	Heterochromatin
ch09	14000001	14100000	Heterochromatin
ch09	14100001	14200000	Heterochromatin
ch09	14200001	14300000	Heterochromatin
ch09	14300001	14400000	Heterochromatin
ch09	14400001	14500000	Heterochromatin
ch09	14500001	14600000	Heterochromatin
ch09	14600001	14700000	Heterochromatin
ch09	14700001	14800000	Heterochromatin
ch09	14800001	14900000	Heterochromatin
ch09	14900001	15000000	Heterochromatin
ch09	15000001	15100000	Heterochromatin
ch09	15100001	15200000	Heterochromatin
ch09	15200001	15300000	Heterochromatin
ch09	15300001	15400000	Heterochromatin
ch09	15400001	15500000	Heterochromatin
ch09	15500001	15600000	Heterochromatin
ch09	15600001	15700000	Heterochromatin
ch09	15700001	15800000	Heterochromatin
ch09	15800001	15900000	Heterochromatin
ch09	15900001	16000000	Heterochromatin
ch09	16000001	16100000	Heterochromatin
ch09	16100001	16200000	Heterochromatin
ch09	16200001	16300000	Heterochromatin
ch09	16300001	16400000	Heterochromatin
ch09	16400001	16500000	Heterochromatin
ch09	16500001	16600000	Heterochromatin
ch09	16600001	16700000	Heterochromatin
ch09	16700001	16800000	Heterochromatin
ch09	16800001	16900000	Heterochromatin
ch09	16900001	17000000	Heterochromatin
ch09	17000001	17100000	Heterochromatin
ch09	17100001	17200000	Heterochromatin
ch09	17200001	17300000	Heterochromatin
ch09	17300001	17400000	Heterochromatin
ch09	17400001	17500000	Heterochromatin
ch09	17500001	17600000	Heterochromatin
ch09	17600001	17700000	Heterochromatin
ch09	17700001	17800000	Heterochromatin
ch09	17800001	17900000	Heterochromatin
ch09	17900001	18000000	Heterochromatin
ch09	18000001	18100000	Heterochromatin
ch09	18100001	18200000	Heterochromatin
ch09	18200001	18300000	Heterochromatin
ch09	18300001	18400000	Heterochromatin
ch09	18400001	18500000	Heterochromatin
ch09	18500001	18600000	Heterochromatin
ch09	18600001	18700000	Heterochromatin
ch09	18700001	18800000	Heterochromatin
ch09	18800001	18900000	Heterochromatin
ch09	18900001	19000000	Heterochromatin
ch09	19000001	19100000	Heterochromatin
ch09	19100001	19200000	Heterochromatin
ch09	19200001	19300000	Heterochromatin
ch09	19300001	19400000	Heterochromatin
ch09	19400001	19500000	Heterochromatin
ch09	19500001	19600000	Heterochromatin
ch09	19600001	19700000	Heterochromatin
ch09	19700001	19800000	Heterochromatin
ch09	19800001	19900000	Heterochromatin
ch09	19900001	20000000	Heterochromatin
ch09	20000001	20100000	Heterochromatin
ch09	20100001	20200000	Heterochromatin
ch09	20200001	20300000	Heterochromatin
ch09	20300001	20400000	Heterochromatin
ch09	20400001	20500000	Heterochromatin
ch09	20500001	20600000	Heterochromatin
ch09	20600001	20700000	Heterochromatin
ch09	20700001	20800000	Heterochromatin
ch09	20800001	20900000	Heterochromatin
ch09	20900001	21000000	Heterochromatin
ch09	21000001	21100000	Heterochromatin
ch09	21100001	21200000	Heterochromatin
ch09	21200001	21300000	Heterochromatin
ch09	21300001	21400000	Heterochromatin
ch09	21400001	21500000	Heterochromatin
ch09	21500001	21600000	Heterochromatin
ch09	21600001	21700000	Heterochromatin
ch09	21700001	21800000	Heterochromatin
ch09	21800001	21900000	Heterochromatin
ch09	21900001	22000000	Heterochromatin
ch09	22000001	22100000	Heterochromatin
ch09	22100001	22200000	Heterochromatin
ch09	22200001	22300000	Heterochromatin
ch09	22300001	22400000	Heterochromatin
ch09	22400001	22500000	Heterochromatin
ch09	22500001	22600000	Heterochromatin
ch09	22600001	22700000	Heterochromatin
ch09	22700001	22800000	Heterochromatin
ch09	22800001	22900000	Heterochromatin
ch09	22900001	23000000	Heterochromatin
ch09	23000001	23100000	Heterochromatin
ch09	23100001	23200000	Heterochromatin
ch09	23200001	23300000	Heterochromatin
ch09	23300001	23400000	Heterochromatin
ch09	23400001	23500000	Heterochromatin
ch09	23500001	23600000	Heterochromatin
ch09	23600001	23700000	Heterochromatin
ch09	23700001	23800000	Heterochromatin
ch09	23800001	23900000	Heterochromatin
ch09	23900001	24000000	Heterochromatin
ch09	24000001	24100000	Heterochromatin
ch09	24100001	24200000	Heterochromatin
ch09	24200001	24300000	Heterochromatin
ch09	24300001	24400000	Heterochromatin
ch09	24400001	24500000	Heterochromatin
ch09	24500001	24600000	Heterochromatin
ch09	24600001	24700000	Heterochromatin
ch09	24700001	24800000	Heterochromatin
ch09	24800001	24900000	Heterochromatin
ch09	24900001	25000000	Heterochromatin
ch09	25000001	25100000	Heterochromatin
ch09	25100001	25200000	Heterochromatin
ch09	25200001	25300000	Heterochromatin
ch09	25300001	25400000	Heterochromatin
ch09	25400001	25500000	Heterochromatin
ch09	25500001	25600000	Heterochromatin
ch09	25600001	25700000	Heterochromatin
ch09	25700001	25800000	Heterochromatin
ch09	25800001	25900000	Heterochromatin
ch09	25900001	26000000	Heterochromatin
ch09	26000001	26100000	Heterochromatin
ch09	26100001	26200000	Heterochromatin
ch09	26200001	26300000	Heterochromatin
ch09	26300001	26400000	Heterochromatin
ch09	26400001	26500000	Heterochromatin
ch09	26500001	26600000	Heterochromatin
ch09	26600001	26700000	Heterochromatin
ch09	26700001	26800000	Heterochromatin
ch09	26800001	26900000	Heterochromatin
ch09	26900001	27000000	Heterochromatin
ch09	27000001	27100000	Heterochromatin
ch09	27100001	27200000	Heterochromatin
ch09	27200001	27300000	Heterochromatin
ch09	27300001	27400000	Heterochromatin
ch09	27400001	27500000	Heterochromatin
ch09	27500001	27600000	Heterochromatin
ch09	27600001	27700000	Heterochromatin
ch09	27700001	27800000	Heterochromatin
ch09	27800001	27900000	Heterochromatin
ch09	27900001	28000000	Heterochromatin
ch09	28000001	28100000	Heterochromatin
ch09	28100001	28200000	Heterochromatin
ch09	28200001	28300000	Heterochromatin
ch09	28300001	28400000	Heterochromatin
ch09	28400001	28500000	Heterochromatin
ch09	28500001	28600000	Heterochromatin
ch09	28600001	28700000	Heterochromatin
ch09	28700001	28800000	Heterochromatin
ch09	28800001	28900000	Heterochromatin
ch09	28900001	29000000	Heterochromatin
ch09	29000001	29100000	Heterochromatin
ch09	29100001	29200000	Heterochromatin
ch09	29200001	29300000	Heterochromatin
ch09	29300001	29400000	Heterochromatin
ch09	29400001	29500000	Heterochromatin
ch09	29500001	29600000	Heterochromatin
ch09	29600001	29700000	Heterochromatin
ch09	29700001	29800000	Heterochromatin
ch09	29800001	29900000	Heterochromatin
ch09	29900001	30000000	Heterochromatin
ch09	30000001	30100000	Heterochromatin
ch09	30100001	30200000	Heterochromatin
ch09	30200001	30300000	Heterochromatin
ch09	30300001	30400000	Heterochromatin
ch09	30400001	30500000	Heterochromatin
ch09	30500001	30600000	Heterochromatin
ch09	30600001	30700000	Heterochromatin
ch09	30700001	30800000	Heterochromatin
ch09	30800001	30900000	Heterochromatin
ch09	30900001	31000000	Heterochromatin
ch09	31000001	31100000	Heterochromatin
ch09	31100001	31200000	Heterochromatin
ch09	31200001	31300000	Heterochromatin
ch09	31300001	31400000	Heterochromatin
ch09	31400001	31500000	Heterochromatin
ch09	31500001	31600000	Heterochromatin
ch09	31600001	31700000	Heterochromatin
ch09	31700001	31800000	Heterochromatin
ch09	31800001	31900000	Heterochromatin
ch09	31900001	32000000	Heterochromatin
ch09	32000001	32100000	Heterochromatin
ch09	32100001	32200000	Heterochromatin
ch09	32200001	32300000	Heterochromatin
ch09	32300001	32400000	Heterochromatin
ch09	32400001	32500000	Heterochromatin
ch09	32500001	32600000	Heterochromatin
ch09	32600001	32700000	Heterochromatin
ch09	32700001	32800000	Heterochromatin
ch09	32800001	32900000	Heterochromatin
ch09	32900001	33000000	Heterochromatin
ch09	33000001	33100000	Heterochromatin
ch09	33100001	33200000	Heterochromatin
ch09	33200001	33300000	Heterochromatin
ch09	33300001	33400000	Heterochromatin
ch09	33400001	33500000	Heterochromatin
ch09	33500001	33600000	Heterochromatin
ch09	33600001	33700000	Heterochromatin
ch09	33700001	33800000	Heterochromatin
ch09	33800001	33900000	Heterochromatin
ch09	33900001	34000000	Heterochromatin
ch09	34000001	34100000	Heterochromatin
ch09	34100001	34200000	Heterochromatin
ch09	34200001	34300000	Heterochromatin
ch09	34300001	34400000	Heterochromatin
ch09	34400001	34500000	Heterochromatin
ch09	34500001	34600000	Heterochromatin
ch09	34600001	34700000	Heterochromatin
ch09	34700001	34800000	Heterochromatin
ch09	34800001	34900000	Heterochromatin
ch09	34900001	35000000	Heterochromatin
ch09	35000001	35100000	Heterochromatin
ch09	35100001	35200000	Heterochromatin
ch09	35200001	35300000	Heterochromatin
ch09	35300001	35400000	Heterochromatin
ch09	35400001	35500000	Heterochromatin
ch09	35500001	35600000	Heterochromatin
ch09	35600001	35700000	Heterochromatin
ch09	35700001	35800000	Heterochromatin
ch09	35800001	35900000	Heterochromatin
ch09	35900001	36000000	Heterochromatin
ch09	36000001	36100000	Heterochromatin
ch09	36100001	36200000	Heterochromatin
ch09	36200001	36300000	Heterochromatin
ch09	36300001	36400000	Heterochromatin
ch09	36400001	36500000	Heterochromatin
ch09	36500001	36600000	Heterochromatin
ch09	36600001	36700000	Heterochromatin
ch09	36700001	36800000	Heterochromatin
ch09	36800001	36900000	Heterochromatin
ch09	36900001	37000000	Heterochromatin
ch09	37000001	37100000	Heterochromatin
ch09	37100001	37200000	Heterochromatin
ch09	37200001	37300000	Heterochromatin
ch09	37300001	37400000	Heterochromatin
ch09	37400001	37500000	Heterochromatin
ch09	37500001	37600000	Heterochromatin
ch09	37600001	37700000	Heterochromatin
ch09	37700001	37800000	Heterochromatin
ch09	37800001	37900000	Heterochromatin
ch09	37900001	38000000	Heterochromatin
ch09	38000001	38100000	Heterochromatin
ch09	38100001	38200000	Heterochromatin
ch09	38200001	38300000	Heterochromatin
ch09	38300001	38400000	Heterochromatin
ch09	38400001	38500000	Heterochromatin
ch09	38500001	38600000	Heterochromatin
ch09	38600001	38700000	Heterochromatin
ch09	38700001	38800000	Heterochromatin
ch09	38800001	38900000	Heterochromatin
ch09	38900001	39000000	Heterochromatin
ch09	39000001	39100000	Heterochromatin
ch09	39100001	39200000	Heterochromatin
ch09	39200001	39300000	Heterochromatin
ch09	39300001	39400000	Heterochromatin
ch09	39400001	39500000	Heterochromatin
ch09	39500001	39600000	Heterochromatin
ch09	39600001	39700000	Heterochromatin
ch09	39700001	39800000	Heterochromatin
ch09	39800001	39900000	Heterochromatin
ch09	39900001	40000000	Heterochromatin
ch09	40000001	40100000	Heterochromatin
ch09	40100001	40200000	Heterochromatin
ch09	40200001	40300000	Heterochromatin
ch09	40300001	40400000	Heterochromatin
ch09	40400001	40500000	Heterochromatin
ch09	40500001	40600000	Heterochromatin
ch09	40600001	40700000	Heterochromatin
ch09	40700001	40800000	Heterochromatin
ch09	40800001	40900000	Heterochromatin
ch09	40900001	41000000	Heterochromatin
ch09	41000001	41100000	Heterochromatin
ch09	41100001	41200000	Heterochromatin
ch09	41200001	41300000	Heterochromatin
ch09	41300001	41400000	Heterochromatin
ch09	41400001	41500000	Heterochromatin
ch09	41500001	41600000	Heterochromatin
ch09	41600001	41700000	Heterochromatin
ch09	41700001	41800000	Heterochromatin
ch09	41800001	41900000	Heterochromatin
ch09	41900001	42000000	Heterochromatin
ch09	42000001	42100000	Heterochromatin
ch09	42100001	42200000	Heterochromatin
ch09	42200001	42300000	Heterochromatin
ch09	42300001	42400000	Heterochromatin
ch09	42400001	42500000	Heterochromatin
ch09	42500001	42600000	Heterochromatin
ch09	42600001	42700000	Heterochromatin
ch09	42700001	42800000	Heterochromatin
ch09	42800001	42900000	Heterochromatin
ch09	42900001	43000000	Heterochromatin
ch09	43000001	43100000	Heterochromatin
ch09	43100001	43200000	Heterochromatin
ch09	43200001	43300000	Heterochromatin
ch09	43300001	43400000	Heterochromatin
ch09	43400001	43500000	Heterochromatin
ch09	43500001	43600000	Heterochromatin
ch09	43600001	43700000	Heterochromatin
ch09	43700001	43800000	Heterochromatin
ch09	43800001	43900000	Heterochromatin
ch09	43900001	44000000	Heterochromatin
ch09	44000001	44100000	Heterochromatin
ch09	44100001	44200000	Heterochromatin
ch09	44200001	44300000	Heterochromatin
ch09	44300001	44400000	Heterochromatin
ch09	44400001	44500000	Heterochromatin
ch09	44500001	44600000	Heterochromatin
ch09	44600001	44700000	Heterochromatin
ch09	44700001	44800000	Heterochromatin
ch09	44800001	44900000	Heterochromatin
ch09	44900001	45000000	Heterochromatin
ch09	45000001	45100000	Heterochromatin
ch09	45100001	45200000	Heterochromatin
ch09	45200001	45300000	Heterochromatin
ch09	45300001	45400000	Heterochromatin
ch09	45400001	45500000	Heterochromatin
ch09	45500001	45600000	Heterochromatin
ch09	45600001	45700000	Heterochromatin
ch09	45700001	45800000	Heterochromatin
ch09	45800001	45900000	Heterochromatin
ch09	45900001	46000000	Heterochromatin
ch09	46000001	46100000	Heterochromatin
ch09	46100001	46200000	Heterochromatin
ch09	46200001	46300000	Heterochromatin
ch09	46300001	46400000	Heterochromatin
ch09	46400001	46500000	Heterochromatin
ch09	46500001	46600000	Heterochromatin
ch09	46600001	46700000	Heterochromatin
ch09	46700001	46800000	Heterochromatin
ch09	46800001	46900000	Heterochromatin
ch09	46900001	47000000	Heterochromatin
ch09	47000001	47100000	Heterochromatin
ch09	47100001	47200000	Heterochromatin
ch09	47200001	47300000	Heterochromatin
ch09	47300001	47400000	Heterochromatin
ch09	47400001	47500000	Heterochromatin
ch09	47500001	47600000	Heterochromatin
ch09	47600001	47700000	Heterochromatin
ch09	47700001	47800000	Heterochromatin
ch09	47800001	47900000	Heterochromatin
ch09	47900001	48000000	Heterochromatin
ch09	48000001	48100000	Heterochromatin
ch09	48100001	48200000	Heterochromatin
ch09	48200001	48300000	Heterochromatin
ch09	48300001	48400000	Heterochromatin
ch09	48400001	48500000	Heterochromatin
ch09	48500001	48600000	Heterochromatin
ch09	48600001	48700000	Heterochromatin
ch09	48700001	48800000	Heterochromatin
ch09	48800001	48900000	Heterochromatin
ch09	48900001	49000000	Heterochromatin
ch09	49000001	49100000	Heterochromatin
ch09	49100001	49200000	Heterochromatin
ch09	49200001	49300000	Heterochromatin
ch09	49300001	49400000	Heterochromatin
ch09	49400001	49500000	Heterochromatin
ch09	49500001	49600000	Heterochromatin
ch09	49600001	49700000	Heterochromatin
ch09	49700001	49800000	Heterochromatin
ch09	49800001	49900000	Heterochromatin
ch09	49900001	50000000	Heterochromatin
ch09	50000001	50100000	Heterochromatin
ch09	50100001	50200000	Heterochromatin
ch09	50200001	50300000	Heterochromatin
ch09	50300001	50400000	Heterochromatin
ch09	50400001	50500000	Heterochromatin
ch09	50500001	50600000	Heterochromatin
ch09	50600001	50700000	Heterochromatin
ch09	50700001	50800000	Heterochromatin
ch09	50800001	50900000	Heterochromatin
ch09	50900001	51000000	Heterochromatin
ch09	51000001	51100000	Heterochromatin
ch09	51100001	51200000	Heterochromatin
ch09	51200001	51300000	Heterochromatin
ch09	51300001	51400000	Heterochromatin
ch09	51400001	51500000	Heterochromatin
ch09	51500001	51600000	Heterochromatin
ch09	51600001	51700000	Heterochromatin
ch09	51700001	51800000	Heterochromatin
ch09	51800001	51900000	Heterochromatin
ch09	51900001	52000000	Heterochromatin
ch09	52000001	52100000	Heterochromatin
ch09	52100001	52200000	Heterochromatin
ch09	52200001	52300000	Heterochromatin
ch09	52300001	52400000	Heterochromatin
ch09	52400001	52500000	Heterochromatin
ch09	52500001	52600000	Heterochromatin
ch09	52600001	52700000	Heterochromatin
ch09	52700001	52800000	Heterochromatin
ch09	52800001	52900000	Heterochromatin
ch09	52900001	53000000	Heterochromatin
ch09	53000001	53100000	Heterochromatin
ch09	53100001	53200000	Heterochromatin
ch09	53200001	53300000	Heterochromatin
ch09	53300001	53400000	Heterochromatin
ch09	53400001	53500000	Heterochromatin
ch09	53500001	53600000	Heterochromatin
ch09	53600001	53700000	Heterochromatin
ch09	53700001	53800000	Heterochromatin
ch09	53800001	53900000	Heterochromatin
ch09	53900001	54000000	Heterochromatin
ch09	54000001	54100000	Heterochromatin
ch09	54100001	54200000	Heterochromatin
ch09	54200001	54300000	Heterochromatin
ch09	54300001	54400000	Heterochromatin
ch09	54400001	54500000	Heterochromatin
ch09	54500001	54600000	Heterochromatin
ch09	54600001	54700000	Heterochromatin
ch09	54700001	54800000	Heterochromatin
ch09	54800001	54900000	Heterochromatin
ch09	54900001	55000000	Heterochromatin
ch09	55000001	55100000	Heterochromatin
ch09	55100001	55200000	Heterochromatin
ch09	55200001	55300000	Heterochromatin
ch09	55300001	55400000	Heterochromatin
ch09	55400001	55500000	Heterochromatin
ch09	55500001	55600000	Heterochromatin
ch09	55600001	55700000	Heterochromatin
ch09	55700001	55800000	Heterochromatin
ch09	55800001	55900000	Heterochromatin
ch09	55900001	56000000	Heterochromatin
ch09	56000001	56100000	Heterochromatin
ch09	56100001	56200000	Heterochromatin
ch09	56200001	56300000	Heterochromatin
ch09	56300001	56400000	Heterochromatin
ch09	56400001	56500000	Heterochromatin
ch09	56500001	56600000	Heterochromatin
ch09	56600001	56700000	Heterochromatin
ch09	56700001	56800000	Heterochromatin
ch09	56800001	56900000	Heterochromatin
ch09	56900001	57000000	Heterochromatin
ch09	57000001	57100000	Heterochromatin
ch09	57100001	57200000	Heterochromatin
ch09	57200001	57300000	Heterochromatin
ch09	57300001	57400000	Heterochromatin
ch09	57400001	57500000	Heterochromatin
ch09	57500001	57600000	Heterochromatin
ch09	57600001	57700000	Heterochromatin
ch09	57700001	57800000	Heterochromatin
ch09	57800001	57900000	Heterochromatin
ch09	57900001	58000000	Heterochromatin
ch09	58000001	58100000	Heterochromatin
ch09	58100001	58200000	Heterochromatin
ch09	58200001	58300000	Heterochromatin
ch09	58300001	58400000	Heterochromatin
ch09	58400001	58500000	Heterochromatin
ch09	58500001	58600000	Heterochromatin
ch09	58600001	58700000	Heterochromatin
ch09	58700001	58800000	Heterochromatin
ch09	58800001	58900000	Heterochromatin
ch09	58900001	59000000	Heterochromatin
ch09	59000001	59100000	Heterochromatin
ch09	59100001	59200000	Heterochromatin
ch09	59200001	59300000	Heterochromatin
ch09	59300001	59400000	Heterochromatin
ch09	59400001	59500000	Heterochromatin
ch09	59500001	59600000	Heterochromatin
ch09	59600001	59700000	Heterochromatin
ch09	59700001	59800000	Heterochromatin
ch09	59800001	59900000	Euchromatin
ch09	59900001	60000000	Euchromatin
ch09	60000001	60100000	Euchromatin
ch09	60100001	60200000	Euchromatin
ch09	60200001	60300000	Euchromatin
ch09	60300001	60400000	Euchromatin
ch09	60400001	60500000	Euchromatin
ch09	60500001	60600000	Euchromatin
ch09	60600001	60700000	Euchromatin
ch09	60700001	60800000	Euchromatin
ch09	60800001	60900000	Euchromatin
ch09	60900001	61000000	Euchromatin
ch09	61000001	61100000	Euchromatin
ch09	61100001	61200000	Heterochromatin
ch09	61200001	61300000	Heterochromatin
ch09	61300001	61400000	Heterochromatin
ch09	61400001	61500000	Heterochromatin
ch09	61500001	61600000	Euchromatin
ch09	61600001	61700000	Euchromatin
ch09	61700001	61800000	Euchromatin
ch09	61800001	61900000	Euchromatin
ch09	61900001	62000000	Euchromatin
ch09	62000001	62100000	Euchromatin
ch09	62100001	62200000	Euchromatin
ch09	62200001	62300000	Euchromatin
ch09	62300001	62400000	Euchromatin
ch09	62400001	62500000	Euchromatin
ch09	62500001	62600000	Euchromatin
ch09	62600001	62700000	Euchromatin
ch09	62700001	62800000	Euchromatin
ch09	62800001	62900000	Euchromatin
ch09	62900001	63000000	Euchromatin
ch09	63000001	63100000	Euchromatin
ch09	63100001	63200000	Euchromatin
ch09	63200001	63300000	Euchromatin
ch09	63300001	63400000	Euchromatin
ch09	63400001	63500000	Euchromatin
ch09	63500001	63600000	Euchromatin
ch09	63600001	63700000	Euchromatin
ch09	63700001	63800000	Euchromatin
ch09	63800001	63900000	Euchromatin
ch09	63900001	64000000	Euchromatin
ch09	64000001	64100000	Euchromatin
ch09	64100001	64200000	Euchromatin
ch09	64200001	64300000	Euchromatin
ch09	64300001	64400000	Euchromatin
ch09	64400001	64500000	Euchromatin
ch09	64500001	64600000	Euchromatin
ch09	64600001	64700000	Euchromatin
ch09	64700001	64800000	Euchromatin
ch09	64800001	64900000	Euchromatin
ch09	64900001	65000000	Euchromatin
ch09	65000001	65100000	Euchromatin
ch09	65100001	65200000	Euchromatin
ch09	65200001	65300000	Euchromatin
ch09	65300001	65400000	Euchromatin
ch09	65400001	65500000	Euchromatin
ch09	65500001	65600000	Euchromatin
ch09	65600001	65700000	Euchromatin
ch09	65700001	65800000	Euchromatin
ch09	65800001	65900000	Euchromatin
ch09	65900001	66000000	Euchromatin
ch09	66000001	66100000	Euchromatin
ch09	66100001	66200000	Euchromatin
ch09	66200001	66300000	Euchromatin
ch09	66300001	66400000	Euchromatin
ch09	66400001	66500000	Euchromatin
ch09	66500001	66600000	Euchromatin
ch09	66600001	66700000	Euchromatin
ch09	66700001	66800000	Euchromatin
ch09	66800001	66900000	Euchromatin
ch09	66900001	67000000	Euchromatin
ch09	67000001	67100000	Euchromatin
ch09	67100001	67200000	Euchromatin
ch09	67200001	67300000	Euchromatin
ch09	67300001	67400000	Euchromatin
ch09	67400001	67500000	Euchromatin
ch09	67500001	67600000	Euchromatin
ch09	67600001	67700000	Euchromatin
ch09	67700001	67800000	Euchromatin
ch09	67800001	67900000	Euchromatin
ch09	67900001	68000000	Euchromatin
ch09	68000001	68100000	Euchromatin
ch09	68100001	68200000	Euchromatin
ch09	68200001	68300000	Euchromatin
ch09	68300001	68400000	Euchromatin
ch09	68400001	68500000	Euchromatin
ch09	68500001	68513564	Euchromatin
ch10	1	100000	Euchromatin
ch10	100001	200000	Euchromatin
ch10	200001	300000	Euchromatin
ch10	300001	400000	Euchromatin
ch10	400001	500000	Euchromatin
ch10	500001	600000	Euchromatin
ch10	600001	700000	Euchromatin
ch10	700001	800000	Euchromatin
ch10	800001	900000	Euchromatin
ch10	900001	1000000	Euchromatin
ch10	1000001	1100000	Euchromatin
ch10	1100001	1200000	Euchromatin
ch10	1200001	1300000	Euchromatin
ch10	1300001	1400000	Euchromatin
ch10	1400001	1500000	Euchromatin
ch10	1500001	1600000	Euchromatin
ch10	1600001	1700000	Euchromatin
ch10	1700001	1800000	Euchromatin
ch10	1800001	1900000	Euchromatin
ch10	1900001	2000000	Euchromatin
ch10	2000001	2100000	Euchromatin
ch10	2100001	2200000	Euchromatin
ch10	2200001	2300000	Euchromatin
ch10	2300001	2400000	Euchromatin
ch10	2400001	2500000	Euchromatin
ch10	2500001	2600000	Euchromatin
ch10	2600001	2700000	Euchromatin
ch10	2700001	2800000	Euchromatin
ch10	2800001	2900000	Euchromatin
ch10	2900001	3000000	Euchromatin
ch10	3000001	3100000	Euchromatin
ch10	3100001	3200000	Euchromatin
ch10	3200001	3300000	Euchromatin
ch10	3300001	3400000	Euchromatin
ch10	3400001	3500000	Euchromatin
ch10	3500001	3600000	Euchromatin
ch10	3600001	3700000	Heterochromatin
ch10	3700001	3800000	Heterochromatin
ch10	3800001	3900000	Heterochromatin
ch10	3900001	4000000	Heterochromatin
ch10	4000001	4100000	Heterochromatin
ch10	4100001	4200000	Heterochromatin
ch10	4200001	4300000	Heterochromatin
ch10	4300001	4400000	Heterochromatin
ch10	4400001	4500000	Heterochromatin
ch10	4500001	4600000	Heterochromatin
ch10	4600001	4700000	Heterochromatin
ch10	4700001	4800000	Heterochromatin
ch10	4800001	4900000	Heterochromatin
ch10	4900001	5000000	Heterochromatin
ch10	5000001	5100000	Heterochromatin
ch10	5100001	5200000	Heterochromatin
ch10	5200001	5300000	Heterochromatin
ch10	5300001	5400000	Heterochromatin
ch10	5400001	5500000	Heterochromatin
ch10	5500001	5600000	Heterochromatin
ch10	5600001	5700000	Heterochromatin
ch10	5700001	5800000	Heterochromatin
ch10	5800001	5900000	Heterochromatin
ch10	5900001	6000000	Heterochromatin
ch10	6000001	6100000	Heterochromatin
ch10	6100001	6200000	Heterochromatin
ch10	6200001	6300000	Heterochromatin
ch10	6300001	6400000	Heterochromatin
ch10	6400001	6500000	Heterochromatin
ch10	6500001	6600000	Heterochromatin
ch10	6600001	6700000	Heterochromatin
ch10	6700001	6800000	Heterochromatin
ch10	6800001	6900000	Heterochromatin
ch10	6900001	7000000	Heterochromatin
ch10	7000001	7100000	Heterochromatin
ch10	7100001	7200000	Heterochromatin
ch10	7200001	7300000	Heterochromatin
ch10	7300001	7400000	Heterochromatin
ch10	7400001	7500000	Heterochromatin
ch10	7500001	7600000	Heterochromatin
ch10	7600001	7700000	Heterochromatin
ch10	7700001	7800000	Heterochromatin
ch10	7800001	7900000	Heterochromatin
ch10	7900001	8000000	Heterochromatin
ch10	8000001	8100000	Heterochromatin
ch10	8100001	8200000	Heterochromatin
ch10	8200001	8300000	Heterochromatin
ch10	8300001	8400000	Heterochromatin
ch10	8400001	8500000	Heterochromatin
ch10	8500001	8600000	Heterochromatin
ch10	8600001	8700000	Heterochromatin
ch10	8700001	8800000	Heterochromatin
ch10	8800001	8900000	Heterochromatin
ch10	8900001	9000000	Heterochromatin
ch10	9000001	9100000	Heterochromatin
ch10	9100001	9200000	Heterochromatin
ch10	9200001	9300000	Heterochromatin
ch10	9300001	9400000	Heterochromatin
ch10	9400001	9500000	Heterochromatin
ch10	9500001	9600000	Heterochromatin
ch10	9600001	9700000	Heterochromatin
ch10	9700001	9800000	Heterochromatin
ch10	9800001	9900000	Heterochromatin
ch10	9900001	10000000	Heterochromatin
ch10	10000001	10100000	Heterochromatin
ch10	10100001	10200000	Heterochromatin
ch10	10200001	10300000	Heterochromatin
ch10	10300001	10400000	Heterochromatin
ch10	10400001	10500000	Heterochromatin
ch10	10500001	10600000	Heterochromatin
ch10	10600001	10700000	Heterochromatin
ch10	10700001	10800000	Heterochromatin
ch10	10800001	10900000	Heterochromatin
ch10	10900001	11000000	Heterochromatin
ch10	11000001	11100000	Heterochromatin
ch10	11100001	11200000	Heterochromatin
ch10	11200001	11300000	Heterochromatin
ch10	11300001	11400000	Heterochromatin
ch10	11400001	11500000	Heterochromatin
ch10	11500001	11600000	Heterochromatin
ch10	11600001	11700000	Heterochromatin
ch10	11700001	11800000	Heterochromatin
ch10	11800001	11900000	Heterochromatin
ch10	11900001	12000000	Heterochromatin
ch10	12000001	12100000	Heterochromatin
ch10	12100001	12200000	Heterochromatin
ch10	12200001	12300000	Heterochromatin
ch10	12300001	12400000	Heterochromatin
ch10	12400001	12500000	Heterochromatin
ch10	12500001	12600000	Heterochromatin
ch10	12600001	12700000	Heterochromatin
ch10	12700001	12800000	Heterochromatin
ch10	12800001	12900000	Heterochromatin
ch10	12900001	13000000	Heterochromatin
ch10	13000001	13100000	Heterochromatin
ch10	13100001	13200000	Heterochromatin
ch10	13200001	13300000	Heterochromatin
ch10	13300001	13400000	Heterochromatin
ch10	13400001	13500000	Heterochromatin
ch10	13500001	13600000	Heterochromatin
ch10	13600001	13700000	Heterochromatin
ch10	13700001	13800000	Heterochromatin
ch10	13800001	13900000	Heterochromatin
ch10	13900001	14000000	Heterochromatin
ch10	14000001	14100000	Heterochromatin
ch10	14100001	14200000	Heterochromatin
ch10	14200001	14300000	Heterochromatin
ch10	14300001	14400000	Heterochromatin
ch10	14400001	14500000	Heterochromatin
ch10	14500001	14600000	Heterochromatin
ch10	14600001	14700000	Heterochromatin
ch10	14700001	14800000	Heterochromatin
ch10	14800001	14900000	Heterochromatin
ch10	14900001	15000000	Heterochromatin
ch10	15000001	15100000	Heterochromatin
ch10	15100001	15200000	Heterochromatin
ch10	15200001	15300000	Heterochromatin
ch10	15300001	15400000	Heterochromatin
ch10	15400001	15500000	Heterochromatin
ch10	15500001	15600000	Heterochromatin
ch10	15600001	15700000	Heterochromatin
ch10	15700001	15800000	Heterochromatin
ch10	15800001	15900000	Heterochromatin
ch10	15900001	16000000	Heterochromatin
ch10	16000001	16100000	Heterochromatin
ch10	16100001	16200000	Heterochromatin
ch10	16200001	16300000	Heterochromatin
ch10	16300001	16400000	Heterochromatin
ch10	16400001	16500000	Heterochromatin
ch10	16500001	16600000	Heterochromatin
ch10	16600001	16700000	Heterochromatin
ch10	16700001	16800000	Heterochromatin
ch10	16800001	16900000	Heterochromatin
ch10	16900001	17000000	Heterochromatin
ch10	17000001	17100000	Heterochromatin
ch10	17100001	17200000	Heterochromatin
ch10	17200001	17300000	Heterochromatin
ch10	17300001	17400000	Heterochromatin
ch10	17400001	17500000	Heterochromatin
ch10	17500001	17600000	Heterochromatin
ch10	17600001	17700000	Heterochromatin
ch10	17700001	17800000	Heterochromatin
ch10	17800001	17900000	Heterochromatin
ch10	17900001	18000000	Heterochromatin
ch10	18000001	18100000	Heterochromatin
ch10	18100001	18200000	Heterochromatin
ch10	18200001	18300000	Heterochromatin
ch10	18300001	18400000	Heterochromatin
ch10	18400001	18500000	Heterochromatin
ch10	18500001	18600000	Heterochromatin
ch10	18600001	18700000	Heterochromatin
ch10	18700001	18800000	Heterochromatin
ch10	18800001	18900000	Heterochromatin
ch10	18900001	19000000	Heterochromatin
ch10	19000001	19100000	Heterochromatin
ch10	19100001	19200000	Heterochromatin
ch10	19200001	19300000	Heterochromatin
ch10	19300001	19400000	Heterochromatin
ch10	19400001	19500000	Heterochromatin
ch10	19500001	19600000	Heterochromatin
ch10	19600001	19700000	Heterochromatin
ch10	19700001	19800000	Heterochromatin
ch10	19800001	19900000	Heterochromatin
ch10	19900001	20000000	Heterochromatin
ch10	20000001	20100000	Heterochromatin
ch10	20100001	20200000	Heterochromatin
ch10	20200001	20300000	Heterochromatin
ch10	20300001	20400000	Heterochromatin
ch10	20400001	20500000	Heterochromatin
ch10	20500001	20600000	Heterochromatin
ch10	20600001	20700000	Heterochromatin
ch10	20700001	20800000	Heterochromatin
ch10	20800001	20900000	Heterochromatin
ch10	20900001	21000000	Heterochromatin
ch10	21000001	21100000	Heterochromatin
ch10	21100001	21200000	Heterochromatin
ch10	21200001	21300000	Heterochromatin
ch10	21300001	21400000	Heterochromatin
ch10	21400001	21500000	Heterochromatin
ch10	21500001	21600000	Heterochromatin
ch10	21600001	21700000	Heterochromatin
ch10	21700001	21800000	Heterochromatin
ch10	21800001	21900000	Heterochromatin
ch10	21900001	22000000	Heterochromatin
ch10	22000001	22100000	Heterochromatin
ch10	22100001	22200000	Heterochromatin
ch10	22200001	22300000	Heterochromatin
ch10	22300001	22400000	Heterochromatin
ch10	22400001	22500000	Heterochromatin
ch10	22500001	22600000	Heterochromatin
ch10	22600001	22700000	Heterochromatin
ch10	22700001	22800000	Heterochromatin
ch10	22800001	22900000	Heterochromatin
ch10	22900001	23000000	Heterochromatin
ch10	23000001	23100000	Heterochromatin
ch10	23100001	23200000	Heterochromatin
ch10	23200001	23300000	Heterochromatin
ch10	23300001	23400000	Heterochromatin
ch10	23400001	23500000	Heterochromatin
ch10	23500001	23600000	Heterochromatin
ch10	23600001	23700000	Heterochromatin
ch10	23700001	23800000	Heterochromatin
ch10	23800001	23900000	Heterochromatin
ch10	23900001	24000000	Heterochromatin
ch10	24000001	24100000	Heterochromatin
ch10	24100001	24200000	Heterochromatin
ch10	24200001	24300000	Heterochromatin
ch10	24300001	24400000	Heterochromatin
ch10	24400001	24500000	Heterochromatin
ch10	24500001	24600000	Heterochromatin
ch10	24600001	24700000	Heterochromatin
ch10	24700001	24800000	Heterochromatin
ch10	24800001	24900000	Heterochromatin
ch10	24900001	25000000	Heterochromatin
ch10	25000001	25100000	Heterochromatin
ch10	25100001	25200000	Heterochromatin
ch10	25200001	25300000	Heterochromatin
ch10	25300001	25400000	Heterochromatin
ch10	25400001	25500000	Heterochromatin
ch10	25500001	25600000	Heterochromatin
ch10	25600001	25700000	Heterochromatin
ch10	25700001	25800000	Heterochromatin
ch10	25800001	25900000	Heterochromatin
ch10	25900001	26000000	Heterochromatin
ch10	26000001	26100000	Heterochromatin
ch10	26100001	26200000	Heterochromatin
ch10	26200001	26300000	Heterochromatin
ch10	26300001	26400000	Heterochromatin
ch10	26400001	26500000	Heterochromatin
ch10	26500001	26600000	Heterochromatin
ch10	26600001	26700000	Heterochromatin
ch10	26700001	26800000	Heterochromatin
ch10	26800001	26900000	Heterochromatin
ch10	26900001	27000000	Heterochromatin
ch10	27000001	27100000	Heterochromatin
ch10	27100001	27200000	Heterochromatin
ch10	27200001	27300000	Heterochromatin
ch10	27300001	27400000	Heterochromatin
ch10	27400001	27500000	Heterochromatin
ch10	27500001	27600000	Heterochromatin
ch10	27600001	27700000	Heterochromatin
ch10	27700001	27800000	Heterochromatin
ch10	27800001	27900000	Heterochromatin
ch10	27900001	28000000	Heterochromatin
ch10	28000001	28100000	Heterochromatin
ch10	28100001	28200000	Heterochromatin
ch10	28200001	28300000	Heterochromatin
ch10	28300001	28400000	Heterochromatin
ch10	28400001	28500000	Heterochromatin
ch10	28500001	28600000	Heterochromatin
ch10	28600001	28700000	Heterochromatin
ch10	28700001	28800000	Heterochromatin
ch10	28800001	28900000	Heterochromatin
ch10	28900001	29000000	Heterochromatin
ch10	29000001	29100000	Heterochromatin
ch10	29100001	29200000	Heterochromatin
ch10	29200001	29300000	Heterochromatin
ch10	29300001	29400000	Heterochromatin
ch10	29400001	29500000	Heterochromatin
ch10	29500001	29600000	Heterochromatin
ch10	29600001	29700000	Heterochromatin
ch10	29700001	29800000	Heterochromatin
ch10	29800001	29900000	Heterochromatin
ch10	29900001	30000000	Heterochromatin
ch10	30000001	30100000	Heterochromatin
ch10	30100001	30200000	Heterochromatin
ch10	30200001	30300000	Heterochromatin
ch10	30300001	30400000	Heterochromatin
ch10	30400001	30500000	Heterochromatin
ch10	30500001	30600000	Heterochromatin
ch10	30600001	30700000	Heterochromatin
ch10	30700001	30800000	Heterochromatin
ch10	30800001	30900000	Heterochromatin
ch10	30900001	31000000	Heterochromatin
ch10	31000001	31100000	Heterochromatin
ch10	31100001	31200000	Heterochromatin
ch10	31200001	31300000	Heterochromatin
ch10	31300001	31400000	Heterochromatin
ch10	31400001	31500000	Heterochromatin
ch10	31500001	31600000	Heterochromatin
ch10	31600001	31700000	Heterochromatin
ch10	31700001	31800000	Heterochromatin
ch10	31800001	31900000	Heterochromatin
ch10	31900001	32000000	Heterochromatin
ch10	32000001	32100000	Heterochromatin
ch10	32100001	32200000	Heterochromatin
ch10	32200001	32300000	Heterochromatin
ch10	32300001	32400000	Heterochromatin
ch10	32400001	32500000	Heterochromatin
ch10	32500001	32600000	Heterochromatin
ch10	32600001	32700000	Heterochromatin
ch10	32700001	32800000	Heterochromatin
ch10	32800001	32900000	Heterochromatin
ch10	32900001	33000000	Heterochromatin
ch10	33000001	33100000	Heterochromatin
ch10	33100001	33200000	Heterochromatin
ch10	33200001	33300000	Heterochromatin
ch10	33300001	33400000	Heterochromatin
ch10	33400001	33500000	Heterochromatin
ch10	33500001	33600000	Heterochromatin
ch10	33600001	33700000	Heterochromatin
ch10	33700001	33800000	Heterochromatin
ch10	33800001	33900000	Heterochromatin
ch10	33900001	34000000	Heterochromatin
ch10	34000001	34100000	Heterochromatin
ch10	34100001	34200000	Heterochromatin
ch10	34200001	34300000	Heterochromatin
ch10	34300001	34400000	Heterochromatin
ch10	34400001	34500000	Heterochromatin
ch10	34500001	34600000	Heterochromatin
ch10	34600001	34700000	Heterochromatin
ch10	34700001	34800000	Heterochromatin
ch10	34800001	34900000	Heterochromatin
ch10	34900001	35000000	Heterochromatin
ch10	35000001	35100000	Heterochromatin
ch10	35100001	35200000	Heterochromatin
ch10	35200001	35300000	Heterochromatin
ch10	35300001	35400000	Heterochromatin
ch10	35400001	35500000	Heterochromatin
ch10	35500001	35600000	Heterochromatin
ch10	35600001	35700000	Heterochromatin
ch10	35700001	35800000	Heterochromatin
ch10	35800001	35900000	Heterochromatin
ch10	35900001	36000000	Heterochromatin
ch10	36000001	36100000	Heterochromatin
ch10	36100001	36200000	Heterochromatin
ch10	36200001	36300000	Heterochromatin
ch10	36300001	36400000	Heterochromatin
ch10	36400001	36500000	Heterochromatin
ch10	36500001	36600000	Heterochromatin
ch10	36600001	36700000	Heterochromatin
ch10	36700001	36800000	Heterochromatin
ch10	36800001	36900000	Heterochromatin
ch10	36900001	37000000	Heterochromatin
ch10	37000001	37100000	Heterochromatin
ch10	37100001	37200000	Heterochromatin
ch10	37200001	37300000	Heterochromatin
ch10	37300001	37400000	Heterochromatin
ch10	37400001	37500000	Heterochromatin
ch10	37500001	37600000	Heterochromatin
ch10	37600001	37700000	Heterochromatin
ch10	37700001	37800000	Heterochromatin
ch10	37800001	37900000	Heterochromatin
ch10	37900001	38000000	Heterochromatin
ch10	38000001	38100000	Heterochromatin
ch10	38100001	38200000	Heterochromatin
ch10	38200001	38300000	Heterochromatin
ch10	38300001	38400000	Heterochromatin
ch10	38400001	38500000	Heterochromatin
ch10	38500001	38600000	Heterochromatin
ch10	38600001	38700000	Heterochromatin
ch10	38700001	38800000	Heterochromatin
ch10	38800001	38900000	Heterochromatin
ch10	38900001	39000000	Heterochromatin
ch10	39000001	39100000	Heterochromatin
ch10	39100001	39200000	Heterochromatin
ch10	39200001	39300000	Heterochromatin
ch10	39300001	39400000	Heterochromatin
ch10	39400001	39500000	Heterochromatin
ch10	39500001	39600000	Heterochromatin
ch10	39600001	39700000	Heterochromatin
ch10	39700001	39800000	Heterochromatin
ch10	39800001	39900000	Heterochromatin
ch10	39900001	40000000	Heterochromatin
ch10	40000001	40100000	Heterochromatin
ch10	40100001	40200000	Heterochromatin
ch10	40200001	40300000	Heterochromatin
ch10	40300001	40400000	Heterochromatin
ch10	40400001	40500000	Heterochromatin
ch10	40500001	40600000	Heterochromatin
ch10	40600001	40700000	Heterochromatin
ch10	40700001	40800000	Heterochromatin
ch10	40800001	40900000	Heterochromatin
ch10	40900001	41000000	Heterochromatin
ch10	41000001	41100000	Heterochromatin
ch10	41100001	41200000	Heterochromatin
ch10	41200001	41300000	Heterochromatin
ch10	41300001	41400000	Heterochromatin
ch10	41400001	41500000	Heterochromatin
ch10	41500001	41600000	Heterochromatin
ch10	41600001	41700000	Heterochromatin
ch10	41700001	41800000	Heterochromatin
ch10	41800001	41900000	Heterochromatin
ch10	41900001	42000000	Heterochromatin
ch10	42000001	42100000	Heterochromatin
ch10	42100001	42200000	Heterochromatin
ch10	42200001	42300000	Heterochromatin
ch10	42300001	42400000	Heterochromatin
ch10	42400001	42500000	Heterochromatin
ch10	42500001	42600000	Heterochromatin
ch10	42600001	42700000	Heterochromatin
ch10	42700001	42800000	Heterochromatin
ch10	42800001	42900000	Heterochromatin
ch10	42900001	43000000	Heterochromatin
ch10	43000001	43100000	Heterochromatin
ch10	43100001	43200000	Heterochromatin
ch10	43200001	43300000	Heterochromatin
ch10	43300001	43400000	Heterochromatin
ch10	43400001	43500000	Heterochromatin
ch10	43500001	43600000	Heterochromatin
ch10	43600001	43700000	Heterochromatin
ch10	43700001	43800000	Heterochromatin
ch10	43800001	43900000	Heterochromatin
ch10	43900001	44000000	Heterochromatin
ch10	44000001	44100000	Heterochromatin
ch10	44100001	44200000	Heterochromatin
ch10	44200001	44300000	Heterochromatin
ch10	44300001	44400000	Heterochromatin
ch10	44400001	44500000	Heterochromatin
ch10	44500001	44600000	Heterochromatin
ch10	44600001	44700000	Heterochromatin
ch10	44700001	44800000	Heterochromatin
ch10	44800001	44900000	Heterochromatin
ch10	44900001	45000000	Heterochromatin
ch10	45000001	45100000	Heterochromatin
ch10	45100001	45200000	Heterochromatin
ch10	45200001	45300000	Heterochromatin
ch10	45300001	45400000	Heterochromatin
ch10	45400001	45500000	Heterochromatin
ch10	45500001	45600000	Heterochromatin
ch10	45600001	45700000	Heterochromatin
ch10	45700001	45800000	Heterochromatin
ch10	45800001	45900000	Heterochromatin
ch10	45900001	46000000	Heterochromatin
ch10	46000001	46100000	Heterochromatin
ch10	46100001	46200000	Heterochromatin
ch10	46200001	46300000	Heterochromatin
ch10	46300001	46400000	Heterochromatin
ch10	46400001	46500000	Heterochromatin
ch10	46500001	46600000	Heterochromatin
ch10	46600001	46700000	Heterochromatin
ch10	46700001	46800000	Heterochromatin
ch10	46800001	46900000	Heterochromatin
ch10	46900001	47000000	Heterochromatin
ch10	47000001	47100000	Heterochromatin
ch10	47100001	47200000	Heterochromatin
ch10	47200001	47300000	Heterochromatin
ch10	47300001	47400000	Heterochromatin
ch10	47400001	47500000	Heterochromatin
ch10	47500001	47600000	Heterochromatin
ch10	47600001	47700000	Heterochromatin
ch10	47700001	47800000	Heterochromatin
ch10	47800001	47900000	Heterochromatin
ch10	47900001	48000000	Heterochromatin
ch10	48000001	48100000	Heterochromatin
ch10	48100001	48200000	Heterochromatin
ch10	48200001	48300000	Heterochromatin
ch10	48300001	48400000	Heterochromatin
ch10	48400001	48500000	Heterochromatin
ch10	48500001	48600000	Heterochromatin
ch10	48600001	48700000	Heterochromatin
ch10	48700001	48800000	Heterochromatin
ch10	48800001	48900000	Heterochromatin
ch10	48900001	49000000	Heterochromatin
ch10	49000001	49100000	Heterochromatin
ch10	49100001	49200000	Heterochromatin
ch10	49200001	49300000	Heterochromatin
ch10	49300001	49400000	Heterochromatin
ch10	49400001	49500000	Heterochromatin
ch10	49500001	49600000	Heterochromatin
ch10	49600001	49700000	Heterochromatin
ch10	49700001	49800000	Heterochromatin
ch10	49800001	49900000	Heterochromatin
ch10	49900001	50000000	Heterochromatin
ch10	50000001	50100000	Heterochromatin
ch10	50100001	50200000	Heterochromatin
ch10	50200001	50300000	Heterochromatin
ch10	50300001	50400000	Heterochromatin
ch10	50400001	50500000	Heterochromatin
ch10	50500001	50600000	Heterochromatin
ch10	50600001	50700000	Heterochromatin
ch10	50700001	50800000	Heterochromatin
ch10	50800001	50900000	Heterochromatin
ch10	50900001	51000000	Heterochromatin
ch10	51000001	51100000	Heterochromatin
ch10	51100001	51200000	Heterochromatin
ch10	51200001	51300000	Heterochromatin
ch10	51300001	51400000	Heterochromatin
ch10	51400001	51500000	Heterochromatin
ch10	51500001	51600000	Heterochromatin
ch10	51600001	51700000	Heterochromatin
ch10	51700001	51800000	Heterochromatin
ch10	51800001	51900000	Heterochromatin
ch10	51900001	52000000	Heterochromatin
ch10	52000001	52100000	Heterochromatin
ch10	52100001	52200000	Heterochromatin
ch10	52200001	52300000	Heterochromatin
ch10	52300001	52400000	Heterochromatin
ch10	52400001	52500000	Heterochromatin
ch10	52500001	52600000	Heterochromatin
ch10	52600001	52700000	Heterochromatin
ch10	52700001	52800000	Heterochromatin
ch10	52800001	52900000	Heterochromatin
ch10	52900001	53000000	Heterochromatin
ch10	53000001	53100000	Heterochromatin
ch10	53100001	53200000	Heterochromatin
ch10	53200001	53300000	Heterochromatin
ch10	53300001	53400000	Heterochromatin
ch10	53400001	53500000	Heterochromatin
ch10	53500001	53600000	Heterochromatin
ch10	53600001	53700000	Heterochromatin
ch10	53700001	53800000	Heterochromatin
ch10	53800001	53900000	Heterochromatin
ch10	53900001	54000000	Heterochromatin
ch10	54000001	54100000	Heterochromatin
ch10	54100001	54200000	Heterochromatin
ch10	54200001	54300000	Heterochromatin
ch10	54300001	54400000	Heterochromatin
ch10	54400001	54500000	Heterochromatin
ch10	54500001	54600000	Heterochromatin
ch10	54600001	54700000	Heterochromatin
ch10	54700001	54800000	Heterochromatin
ch10	54800001	54900000	Heterochromatin
ch10	54900001	55000000	Heterochromatin
ch10	55000001	55100000	Heterochromatin
ch10	55100001	55200000	Heterochromatin
ch10	55200001	55300000	Heterochromatin
ch10	55300001	55400000	Heterochromatin
ch10	55400001	55500000	Heterochromatin
ch10	55500001	55600000	Heterochromatin
ch10	55600001	55700000	Heterochromatin
ch10	55700001	55800000	Heterochromatin
ch10	55800001	55900000	Heterochromatin
ch10	55900001	56000000	Heterochromatin
ch10	56000001	56100000	Heterochromatin
ch10	56100001	56200000	Heterochromatin
ch10	56200001	56300000	Heterochromatin
ch10	56300001	56400000	Heterochromatin
ch10	56400001	56500000	Heterochromatin
ch10	56500001	56600000	Heterochromatin
ch10	56600001	56700000	Heterochromatin
ch10	56700001	56800000	Heterochromatin
ch10	56800001	56900000	Heterochromatin
ch10	56900001	57000000	Heterochromatin
ch10	57000001	57100000	Heterochromatin
ch10	57100001	57200000	Heterochromatin
ch10	57200001	57300000	Heterochromatin
ch10	57300001	57400000	Heterochromatin
ch10	57400001	57500000	Heterochromatin
ch10	57500001	57600000	Heterochromatin
ch10	57600001	57700000	Heterochromatin
ch10	57700001	57800000	Heterochromatin
ch10	57800001	57900000	Heterochromatin
ch10	57900001	58000000	Heterochromatin
ch10	58000001	58100000	Euchromatin
ch10	58100001	58200000	Euchromatin
ch10	58200001	58300000	Euchromatin
ch10	58300001	58400000	Euchromatin
ch10	58400001	58500000	Euchromatin
ch10	58500001	58600000	Euchromatin
ch10	58600001	58700000	Euchromatin
ch10	58700001	58800000	Euchromatin
ch10	58800001	58900000	Euchromatin
ch10	58900001	59000000	Euchromatin
ch10	59000001	59100000	Euchromatin
ch10	59100001	59200000	Euchromatin
ch10	59200001	59300000	Euchromatin
ch10	59300001	59400000	Euchromatin
ch10	59400001	59500000	Euchromatin
ch10	59500001	59600000	Euchromatin
ch10	59600001	59700000	Euchromatin
ch10	59700001	59800000	Euchromatin
ch10	59800001	59900000	Euchromatin
ch10	59900001	60000000	Euchromatin
ch10	60000001	60100000	Euchromatin
ch10	60100001	60200000	Euchromatin
ch10	60200001	60300000	Euchromatin
ch10	60300001	60400000	Euchromatin
ch10	60400001	60500000	Euchromatin
ch10	60500001	60600000	Euchromatin
ch10	60600001	60700000	Euchromatin
ch10	60700001	60800000	Euchromatin
ch10	60800001	60900000	Euchromatin
ch10	60900001	61000000	Euchromatin
ch10	61000001	61100000	Euchromatin
ch10	61100001	61200000	Euchromatin
ch10	61200001	61300000	Euchromatin
ch10	61300001	61400000	Euchromatin
ch10	61400001	61500000	Euchromatin
ch10	61500001	61600000	Euchromatin
ch10	61600001	61700000	Euchromatin
ch10	61700001	61800000	Euchromatin
ch10	61800001	61900000	Euchromatin
ch10	61900001	62000000	Euchromatin
ch10	62000001	62100000	Euchromatin
ch10	62100001	62200000	Euchromatin
ch10	62200001	62300000	Euchromatin
ch10	62300001	62400000	Euchromatin
ch10	62400001	62500000	Euchromatin
ch10	62500001	62600000	Euchromatin
ch10	62600001	62700000	Euchromatin
ch10	62700001	62800000	Euchromatin
ch10	62800001	62900000	Euchromatin
ch10	62900001	63000000	Euchromatin
ch10	63000001	63100000	Euchromatin
ch10	63100001	63200000	Euchromatin
ch10	63200001	63300000	Euchromatin
ch10	63300001	63400000	Euchromatin
ch10	63400001	63500000	Euchromatin
ch10	63500001	63600000	Euchromatin
ch10	63600001	63700000	Euchromatin
ch10	63700001	63800000	Euchromatin
ch10	63800001	63900000	Euchromatin
ch10	63900001	64000000	Euchromatin
ch10	64000001	64100000	Euchromatin
ch10	64100001	64200000	Euchromatin
ch10	64200001	64300000	Euchromatin
ch10	64300001	64400000	Euchromatin
ch10	64400001	64500000	Euchromatin
ch10	64500001	64600000	Euchromatin
ch10	64600001	64700000	Euchromatin
ch10	64700001	64792705	Euchromatin
ch11	1	100000	Euchromatin
ch11	100001	200000	Euchromatin
ch11	200001	300000	Euchromatin
ch11	300001	400000	Euchromatin
ch11	400001	500000	Euchromatin
ch11	500001	600000	Euchromatin
ch11	600001	700000	Euchromatin
ch11	700001	800000	Euchromatin
ch11	800001	900000	Euchromatin
ch11	900001	1000000	Euchromatin
ch11	1000001	1100000	Euchromatin
ch11	1100001	1200000	Euchromatin
ch11	1200001	1300000	Euchromatin
ch11	1300001	1400000	Euchromatin
ch11	1400001	1500000	Euchromatin
ch11	1500001	1600000	Euchromatin
ch11	1600001	1700000	Euchromatin
ch11	1700001	1800000	Euchromatin
ch11	1800001	1900000	Euchromatin
ch11	1900001	2000000	Euchromatin
ch11	2000001	2100000	Euchromatin
ch11	2100001	2200000	Euchromatin
ch11	2200001	2300000	Euchromatin
ch11	2300001	2400000	Euchromatin
ch11	2400001	2500000	Euchromatin
ch11	2500001	2600000	Euchromatin
ch11	2600001	2700000	Euchromatin
ch11	2700001	2800000	Euchromatin
ch11	2800001	2900000	Euchromatin
ch11	2900001	3000000	Euchromatin
ch11	3000001	3100000	Euchromatin
ch11	3100001	3200000	Euchromatin
ch11	3200001	3300000	Euchromatin
ch11	3300001	3400000	Euchromatin
ch11	3400001	3500000	Euchromatin
ch11	3500001	3600000	Euchromatin
ch11	3600001	3700000	Euchromatin
ch11	3700001	3800000	Euchromatin
ch11	3800001	3900000	Euchromatin
ch11	3900001	4000000	Euchromatin
ch11	4000001	4100000	Euchromatin
ch11	4100001	4200000	Euchromatin
ch11	4200001	4300000	Euchromatin
ch11	4300001	4400000	Euchromatin
ch11	4400001	4500000	Euchromatin
ch11	4500001	4600000	Euchromatin
ch11	4600001	4700000	Euchromatin
ch11	4700001	4800000	Euchromatin
ch11	4800001	4900000	Euchromatin
ch11	4900001	5000000	Euchromatin
ch11	5000001	5100000	Euchromatin
ch11	5100001	5200000	Euchromatin
ch11	5200001	5300000	Euchromatin
ch11	5300001	5400000	Euchromatin
ch11	5400001	5500000	Euchromatin
ch11	5500001	5600000	Euchromatin
ch11	5600001	5700000	Euchromatin
ch11	5700001	5800000	Euchromatin
ch11	5800001	5900000	Euchromatin
ch11	5900001	6000000	Euchromatin
ch11	6000001	6100000	Heterochromatin
ch11	6100001	6200000	Heterochromatin
ch11	6200001	6300000	Heterochromatin
ch11	6300001	6400000	Heterochromatin
ch11	6400001	6500000	Heterochromatin
ch11	6500001	6600000	Heterochromatin
ch11	6600001	6700000	Heterochromatin
ch11	6700001	6800000	Heterochromatin
ch11	6800001	6900000	Heterochromatin
ch11	6900001	7000000	Heterochromatin
ch11	7000001	7100000	Heterochromatin
ch11	7100001	7200000	Heterochromatin
ch11	7200001	7300000	Heterochromatin
ch11	7300001	7400000	Heterochromatin
ch11	7400001	7500000	Heterochromatin
ch11	7500001	7600000	Heterochromatin
ch11	7600001	7700000	Heterochromatin
ch11	7700001	7800000	Heterochromatin
ch11	7800001	7900000	Heterochromatin
ch11	7900001	8000000	Heterochromatin
ch11	8000001	8100000	Heterochromatin
ch11	8100001	8200000	Heterochromatin
ch11	8200001	8300000	Heterochromatin
ch11	8300001	8400000	Heterochromatin
ch11	8400001	8500000	Heterochromatin
ch11	8500001	8600000	Heterochromatin
ch11	8600001	8700000	Heterochromatin
ch11	8700001	8800000	Heterochromatin
ch11	8800001	8900000	Heterochromatin
ch11	8900001	9000000	Heterochromatin
ch11	9000001	9100000	Heterochromatin
ch11	9100001	9200000	Heterochromatin
ch11	9200001	9300000	Heterochromatin
ch11	9300001	9400000	Heterochromatin
ch11	9400001	9500000	Heterochromatin
ch11	9500001	9600000	Heterochromatin
ch11	9600001	9700000	Heterochromatin
ch11	9700001	9800000	Heterochromatin
ch11	9800001	9900000	Heterochromatin
ch11	9900001	10000000	Heterochromatin
ch11	10000001	10100000	Heterochromatin
ch11	10100001	10200000	Heterochromatin
ch11	10200001	10300000	Heterochromatin
ch11	10300001	10400000	Heterochromatin
ch11	10400001	10500000	Heterochromatin
ch11	10500001	10600000	Heterochromatin
ch11	10600001	10700000	Heterochromatin
ch11	10700001	10800000	Heterochromatin
ch11	10800001	10900000	Heterochromatin
ch11	10900001	11000000	Heterochromatin
ch11	11000001	11100000	Heterochromatin
ch11	11100001	11200000	Heterochromatin
ch11	11200001	11300000	Heterochromatin
ch11	11300001	11400000	Heterochromatin
ch11	11400001	11500000	Heterochromatin
ch11	11500001	11600000	Heterochromatin
ch11	11600001	11700000	Heterochromatin
ch11	11700001	11800000	Heterochromatin
ch11	11800001	11900000	Heterochromatin
ch11	11900001	12000000	Heterochromatin
ch11	12000001	12100000	Heterochromatin
ch11	12100001	12200000	Heterochromatin
ch11	12200001	12300000	Heterochromatin
ch11	12300001	12400000	Heterochromatin
ch11	12400001	12500000	Heterochromatin
ch11	12500001	12600000	Heterochromatin
ch11	12600001	12700000	Heterochromatin
ch11	12700001	12800000	Heterochromatin
ch11	12800001	12900000	Heterochromatin
ch11	12900001	13000000	Heterochromatin
ch11	13000001	13100000	Heterochromatin
ch11	13100001	13200000	Heterochromatin
ch11	13200001	13300000	Heterochromatin
ch11	13300001	13400000	Heterochromatin
ch11	13400001	13500000	Heterochromatin
ch11	13500001	13600000	Heterochromatin
ch11	13600001	13700000	Heterochromatin
ch11	13700001	13800000	Heterochromatin
ch11	13800001	13900000	Heterochromatin
ch11	13900001	14000000	Heterochromatin
ch11	14000001	14100000	Heterochromatin
ch11	14100001	14200000	Heterochromatin
ch11	14200001	14300000	Heterochromatin
ch11	14300001	14400000	Heterochromatin
ch11	14400001	14500000	Heterochromatin
ch11	14500001	14600000	Heterochromatin
ch11	14600001	14700000	Heterochromatin
ch11	14700001	14800000	Heterochromatin
ch11	14800001	14900000	Heterochromatin
ch11	14900001	15000000	Heterochromatin
ch11	15000001	15100000	Heterochromatin
ch11	15100001	15200000	Heterochromatin
ch11	15200001	15300000	Heterochromatin
ch11	15300001	15400000	Heterochromatin
ch11	15400001	15500000	Heterochromatin
ch11	15500001	15600000	Heterochromatin
ch11	15600001	15700000	Heterochromatin
ch11	15700001	15800000	Heterochromatin
ch11	15800001	15900000	Heterochromatin
ch11	15900001	16000000	Heterochromatin
ch11	16000001	16100000	Heterochromatin
ch11	16100001	16200000	Heterochromatin
ch11	16200001	16300000	Heterochromatin
ch11	16300001	16400000	Heterochromatin
ch11	16400001	16500000	Heterochromatin
ch11	16500001	16600000	Heterochromatin
ch11	16600001	16700000	Heterochromatin
ch11	16700001	16800000	Heterochromatin
ch11	16800001	16900000	Heterochromatin
ch11	16900001	17000000	Heterochromatin
ch11	17000001	17100000	Heterochromatin
ch11	17100001	17200000	Heterochromatin
ch11	17200001	17300000	Heterochromatin
ch11	17300001	17400000	Heterochromatin
ch11	17400001	17500000	Heterochromatin
ch11	17500001	17600000	Heterochromatin
ch11	17600001	17700000	Heterochromatin
ch11	17700001	17800000	Heterochromatin
ch11	17800001	17900000	Heterochromatin
ch11	17900001	18000000	Heterochromatin
ch11	18000001	18100000	Heterochromatin
ch11	18100001	18200000	Heterochromatin
ch11	18200001	18300000	Heterochromatin
ch11	18300001	18400000	Heterochromatin
ch11	18400001	18500000	Heterochromatin
ch11	18500001	18600000	Heterochromatin
ch11	18600001	18700000	Heterochromatin
ch11	18700001	18800000	Heterochromatin
ch11	18800001	18900000	Heterochromatin
ch11	18900001	19000000	Heterochromatin
ch11	19000001	19100000	Heterochromatin
ch11	19100001	19200000	Heterochromatin
ch11	19200001	19300000	Heterochromatin
ch11	19300001	19400000	Heterochromatin
ch11	19400001	19500000	Heterochromatin
ch11	19500001	19600000	Heterochromatin
ch11	19600001	19700000	Heterochromatin
ch11	19700001	19800000	Heterochromatin
ch11	19800001	19900000	Heterochromatin
ch11	19900001	20000000	Heterochromatin
ch11	20000001	20100000	Heterochromatin
ch11	20100001	20200000	Heterochromatin
ch11	20200001	20300000	Heterochromatin
ch11	20300001	20400000	Heterochromatin
ch11	20400001	20500000	Heterochromatin
ch11	20500001	20600000	Heterochromatin
ch11	20600001	20700000	Heterochromatin
ch11	20700001	20800000	Heterochromatin
ch11	20800001	20900000	Heterochromatin
ch11	20900001	21000000	Heterochromatin
ch11	21000001	21100000	Heterochromatin
ch11	21100001	21200000	Heterochromatin
ch11	21200001	21300000	Heterochromatin
ch11	21300001	21400000	Heterochromatin
ch11	21400001	21500000	Heterochromatin
ch11	21500001	21600000	Heterochromatin
ch11	21600001	21700000	Heterochromatin
ch11	21700001	21800000	Heterochromatin
ch11	21800001	21900000	Heterochromatin
ch11	21900001	22000000	Heterochromatin
ch11	22000001	22100000	Heterochromatin
ch11	22100001	22200000	Heterochromatin
ch11	22200001	22300000	Heterochromatin
ch11	22300001	22400000	Heterochromatin
ch11	22400001	22500000	Heterochromatin
ch11	22500001	22600000	Heterochromatin
ch11	22600001	22700000	Heterochromatin
ch11	22700001	22800000	Heterochromatin
ch11	22800001	22900000	Heterochromatin
ch11	22900001	23000000	Heterochromatin
ch11	23000001	23100000	Heterochromatin
ch11	23100001	23200000	Heterochromatin
ch11	23200001	23300000	Heterochromatin
ch11	23300001	23400000	Heterochromatin
ch11	23400001	23500000	Heterochromatin
ch11	23500001	23600000	Heterochromatin
ch11	23600001	23700000	Heterochromatin
ch11	23700001	23800000	Heterochromatin
ch11	23800001	23900000	Heterochromatin
ch11	23900001	24000000	Heterochromatin
ch11	24000001	24100000	Heterochromatin
ch11	24100001	24200000	Heterochromatin
ch11	24200001	24300000	Heterochromatin
ch11	24300001	24400000	Heterochromatin
ch11	24400001	24500000	Heterochromatin
ch11	24500001	24600000	Heterochromatin
ch11	24600001	24700000	Heterochromatin
ch11	24700001	24800000	Heterochromatin
ch11	24800001	24900000	Heterochromatin
ch11	24900001	25000000	Heterochromatin
ch11	25000001	25100000	Heterochromatin
ch11	25100001	25200000	Heterochromatin
ch11	25200001	25300000	Heterochromatin
ch11	25300001	25400000	Heterochromatin
ch11	25400001	25500000	Heterochromatin
ch11	25500001	25600000	Heterochromatin
ch11	25600001	25700000	Heterochromatin
ch11	25700001	25800000	Heterochromatin
ch11	25800001	25900000	Heterochromatin
ch11	25900001	26000000	Heterochromatin
ch11	26000001	26100000	Heterochromatin
ch11	26100001	26200000	Heterochromatin
ch11	26200001	26300000	Heterochromatin
ch11	26300001	26400000	Heterochromatin
ch11	26400001	26500000	Heterochromatin
ch11	26500001	26600000	Heterochromatin
ch11	26600001	26700000	Heterochromatin
ch11	26700001	26800000	Heterochromatin
ch11	26800001	26900000	Heterochromatin
ch11	26900001	27000000	Heterochromatin
ch11	27000001	27100000	Heterochromatin
ch11	27100001	27200000	Heterochromatin
ch11	27200001	27300000	Heterochromatin
ch11	27300001	27400000	Heterochromatin
ch11	27400001	27500000	Heterochromatin
ch11	27500001	27600000	Heterochromatin
ch11	27600001	27700000	Heterochromatin
ch11	27700001	27800000	Heterochromatin
ch11	27800001	27900000	Heterochromatin
ch11	27900001	28000000	Heterochromatin
ch11	28000001	28100000	Heterochromatin
ch11	28100001	28200000	Heterochromatin
ch11	28200001	28300000	Heterochromatin
ch11	28300001	28400000	Heterochromatin
ch11	28400001	28500000	Heterochromatin
ch11	28500001	28600000	Heterochromatin
ch11	28600001	28700000	Heterochromatin
ch11	28700001	28800000	Heterochromatin
ch11	28800001	28900000	Heterochromatin
ch11	28900001	29000000	Heterochromatin
ch11	29000001	29100000	Heterochromatin
ch11	29100001	29200000	Heterochromatin
ch11	29200001	29300000	Heterochromatin
ch11	29300001	29400000	Heterochromatin
ch11	29400001	29500000	Heterochromatin
ch11	29500001	29600000	Heterochromatin
ch11	29600001	29700000	Heterochromatin
ch11	29700001	29800000	Heterochromatin
ch11	29800001	29900000	Heterochromatin
ch11	29900001	30000000	Heterochromatin
ch11	30000001	30100000	Heterochromatin
ch11	30100001	30200000	Heterochromatin
ch11	30200001	30300000	Heterochromatin
ch11	30300001	30400000	Heterochromatin
ch11	30400001	30500000	Heterochromatin
ch11	30500001	30600000	Heterochromatin
ch11	30600001	30700000	Heterochromatin
ch11	30700001	30800000	Heterochromatin
ch11	30800001	30900000	Heterochromatin
ch11	30900001	31000000	Heterochromatin
ch11	31000001	31100000	Heterochromatin
ch11	31100001	31200000	Heterochromatin
ch11	31200001	31300000	Heterochromatin
ch11	31300001	31400000	Heterochromatin
ch11	31400001	31500000	Heterochromatin
ch11	31500001	31600000	Heterochromatin
ch11	31600001	31700000	Heterochromatin
ch11	31700001	31800000	Heterochromatin
ch11	31800001	31900000	Heterochromatin
ch11	31900001	32000000	Heterochromatin
ch11	32000001	32100000	Heterochromatin
ch11	32100001	32200000	Heterochromatin
ch11	32200001	32300000	Heterochromatin
ch11	32300001	32400000	Heterochromatin
ch11	32400001	32500000	Heterochromatin
ch11	32500001	32600000	Heterochromatin
ch11	32600001	32700000	Heterochromatin
ch11	32700001	32800000	Heterochromatin
ch11	32800001	32900000	Heterochromatin
ch11	32900001	33000000	Heterochromatin
ch11	33000001	33100000	Heterochromatin
ch11	33100001	33200000	Heterochromatin
ch11	33200001	33300000	Heterochromatin
ch11	33300001	33400000	Heterochromatin
ch11	33400001	33500000	Heterochromatin
ch11	33500001	33600000	Heterochromatin
ch11	33600001	33700000	Heterochromatin
ch11	33700001	33800000	Heterochromatin
ch11	33800001	33900000	Heterochromatin
ch11	33900001	34000000	Heterochromatin
ch11	34000001	34100000	Heterochromatin
ch11	34100001	34200000	Heterochromatin
ch11	34200001	34300000	Heterochromatin
ch11	34300001	34400000	Heterochromatin
ch11	34400001	34500000	Heterochromatin
ch11	34500001	34600000	Heterochromatin
ch11	34600001	34700000	Heterochromatin
ch11	34700001	34800000	Heterochromatin
ch11	34800001	34900000	Heterochromatin
ch11	34900001	35000000	Heterochromatin
ch11	35000001	35100000	Heterochromatin
ch11	35100001	35200000	Heterochromatin
ch11	35200001	35300000	Heterochromatin
ch11	35300001	35400000	Heterochromatin
ch11	35400001	35500000	Heterochromatin
ch11	35500001	35600000	Heterochromatin
ch11	35600001	35700000	Heterochromatin
ch11	35700001	35800000	Heterochromatin
ch11	35800001	35900000	Heterochromatin
ch11	35900001	36000000	Heterochromatin
ch11	36000001	36100000	Heterochromatin
ch11	36100001	36200000	Heterochromatin
ch11	36200001	36300000	Heterochromatin
ch11	36300001	36400000	Heterochromatin
ch11	36400001	36500000	Heterochromatin
ch11	36500001	36600000	Heterochromatin
ch11	36600001	36700000	Heterochromatin
ch11	36700001	36800000	Heterochromatin
ch11	36800001	36900000	Heterochromatin
ch11	36900001	37000000	Heterochromatin
ch11	37000001	37100000	Heterochromatin
ch11	37100001	37200000	Heterochromatin
ch11	37200001	37300000	Heterochromatin
ch11	37300001	37400000	Heterochromatin
ch11	37400001	37500000	Heterochromatin
ch11	37500001	37600000	Heterochromatin
ch11	37600001	37700000	Heterochromatin
ch11	37700001	37800000	Heterochromatin
ch11	37800001	37900000	Heterochromatin
ch11	37900001	38000000	Heterochromatin
ch11	38000001	38100000	Heterochromatin
ch11	38100001	38200000	Heterochromatin
ch11	38200001	38300000	Heterochromatin
ch11	38300001	38400000	Heterochromatin
ch11	38400001	38500000	Heterochromatin
ch11	38500001	38600000	Heterochromatin
ch11	38600001	38700000	Heterochromatin
ch11	38700001	38800000	Heterochromatin
ch11	38800001	38900000	Heterochromatin
ch11	38900001	39000000	Heterochromatin
ch11	39000001	39100000	Heterochromatin
ch11	39100001	39200000	Heterochromatin
ch11	39200001	39300000	Heterochromatin
ch11	39300001	39400000	Heterochromatin
ch11	39400001	39500000	Heterochromatin
ch11	39500001	39600000	Heterochromatin
ch11	39600001	39700000	Heterochromatin
ch11	39700001	39800000	Heterochromatin
ch11	39800001	39900000	Heterochromatin
ch11	39900001	40000000	Heterochromatin
ch11	40000001	40100000	Heterochromatin
ch11	40100001	40200000	Heterochromatin
ch11	40200001	40300000	Heterochromatin
ch11	40300001	40400000	Heterochromatin
ch11	40400001	40500000	Heterochromatin
ch11	40500001	40600000	Heterochromatin
ch11	40600001	40700000	Heterochromatin
ch11	40700001	40800000	Heterochromatin
ch11	40800001	40900000	Heterochromatin
ch11	40900001	41000000	Heterochromatin
ch11	41000001	41100000	Heterochromatin
ch11	41100001	41200000	Heterochromatin
ch11	41200001	41300000	Heterochromatin
ch11	41300001	41400000	Heterochromatin
ch11	41400001	41500000	Heterochromatin
ch11	41500001	41600000	Heterochromatin
ch11	41600001	41700000	Heterochromatin
ch11	41700001	41800000	Heterochromatin
ch11	41800001	41900000	Heterochromatin
ch11	41900001	42000000	Heterochromatin
ch11	42000001	42100000	Heterochromatin
ch11	42100001	42200000	Heterochromatin
ch11	42200001	42300000	Heterochromatin
ch11	42300001	42400000	Heterochromatin
ch11	42400001	42500000	Heterochromatin
ch11	42500001	42600000	Heterochromatin
ch11	42600001	42700000	Heterochromatin
ch11	42700001	42800000	Heterochromatin
ch11	42800001	42900000	Heterochromatin
ch11	42900001	43000000	Heterochromatin
ch11	43000001	43100000	Heterochromatin
ch11	43100001	43200000	Heterochromatin
ch11	43200001	43300000	Heterochromatin
ch11	43300001	43400000	Heterochromatin
ch11	43400001	43500000	Heterochromatin
ch11	43500001	43600000	Heterochromatin
ch11	43600001	43700000	Heterochromatin
ch11	43700001	43800000	Heterochromatin
ch11	43800001	43900000	Heterochromatin
ch11	43900001	44000000	Heterochromatin
ch11	44000001	44100000	Heterochromatin
ch11	44100001	44200000	Heterochromatin
ch11	44200001	44300000	Heterochromatin
ch11	44300001	44400000	Heterochromatin
ch11	44400001	44500000	Heterochromatin
ch11	44500001	44600000	Heterochromatin
ch11	44600001	44700000	Heterochromatin
ch11	44700001	44800000	Heterochromatin
ch11	44800001	44900000	Heterochromatin
ch11	44900001	45000000	Heterochromatin
ch11	45000001	45100000	Heterochromatin
ch11	45100001	45200000	Heterochromatin
ch11	45200001	45300000	Heterochromatin
ch11	45300001	45400000	Heterochromatin
ch11	45400001	45500000	Heterochromatin
ch11	45500001	45600000	Heterochromatin
ch11	45600001	45700000	Heterochromatin
ch11	45700001	45800000	Heterochromatin
ch11	45800001	45900000	Heterochromatin
ch11	45900001	46000000	Heterochromatin
ch11	46000001	46100000	Heterochromatin
ch11	46100001	46200000	Heterochromatin
ch11	46200001	46300000	Heterochromatin
ch11	46300001	46400000	Heterochromatin
ch11	46400001	46500000	Heterochromatin
ch11	46500001	46600000	Heterochromatin
ch11	46600001	46700000	Heterochromatin
ch11	46700001	46800000	Heterochromatin
ch11	46800001	46900000	Heterochromatin
ch11	46900001	47000000	Heterochromatin
ch11	47000001	47100000	Heterochromatin
ch11	47100001	47200000	Heterochromatin
ch11	47200001	47300000	Heterochromatin
ch11	47300001	47400000	Heterochromatin
ch11	47400001	47500000	Heterochromatin
ch11	47500001	47600000	Heterochromatin
ch11	47600001	47700000	Heterochromatin
ch11	47700001	47800000	Heterochromatin
ch11	47800001	47900000	Heterochromatin
ch11	47900001	48000000	Heterochromatin
ch11	48000001	48100000	Heterochromatin
ch11	48100001	48200000	Heterochromatin
ch11	48200001	48300000	Heterochromatin
ch11	48300001	48400000	Heterochromatin
ch11	48400001	48500000	Heterochromatin
ch11	48500001	48600000	Heterochromatin
ch11	48600001	48700000	Heterochromatin
ch11	48700001	48800000	Heterochromatin
ch11	48800001	48900000	Heterochromatin
ch11	48900001	49000000	Heterochromatin
ch11	49000001	49100000	Heterochromatin
ch11	49100001	49200000	Heterochromatin
ch11	49200001	49300000	Heterochromatin
ch11	49300001	49400000	Heterochromatin
ch11	49400001	49500000	Heterochromatin
ch11	49500001	49600000	Heterochromatin
ch11	49600001	49700000	Heterochromatin
ch11	49700001	49800000	Heterochromatin
ch11	49800001	49900000	Euchromatin
ch11	49900001	50000000	Euchromatin
ch11	50000001	50100000	Euchromatin
ch11	50100001	50200000	Euchromatin
ch11	50200001	50300000	Euchromatin
ch11	50300001	50400000	Euchromatin
ch11	50400001	50500000	Euchromatin
ch11	50500001	50600000	Euchromatin
ch11	50600001	50700000	Euchromatin
ch11	50700001	50800000	Euchromatin
ch11	50800001	50900000	Euchromatin
ch11	50900001	51000000	Euchromatin
ch11	51000001	51100000	Euchromatin
ch11	51100001	51200000	Euchromatin
ch11	51200001	51300000	Euchromatin
ch11	51300001	51400000	Euchromatin
ch11	51400001	51500000	Euchromatin
ch11	51500001	51600000	Euchromatin
ch11	51600001	51700000	Euchromatin
ch11	51700001	51800000	Euchromatin
ch11	51800001	51900000	Euchromatin
ch11	51900001	52000000	Euchromatin
ch11	52000001	52100000	Euchromatin
ch11	52100001	52200000	Euchromatin
ch11	52200001	52300000	Euchromatin
ch11	52300001	52400000	Euchromatin
ch11	52400001	52500000	Euchromatin
ch11	52500001	52600000	Euchromatin
ch11	52600001	52700000	Euchromatin
ch11	52700001	52800000	Euchromatin
ch11	52800001	52900000	Euchromatin
ch11	52900001	53000000	Euchromatin
ch11	53000001	53100000	Euchromatin
ch11	53100001	53200000	Euchromatin
ch11	53200001	53300000	Euchromatin
ch11	53300001	53400000	Euchromatin
ch11	53400001	53500000	Euchromatin
ch11	53500001	53600000	Euchromatin
ch11	53600001	53700000	Euchromatin
ch11	53700001	53800000	Euchromatin
ch11	53800001	53900000	Euchromatin
ch11	53900001	54000000	Euchromatin
ch11	54000001	54100000	Euchromatin
ch11	54100001	54200000	Euchromatin
ch11	54200001	54300000	Euchromatin
ch11	54300001	54379777	Euchromatin
ch12	1	100000	Euchromatin
ch12	100001	200000	Euchromatin
ch12	200001	300000	Euchromatin
ch12	300001	400000	Euchromatin
ch12	400001	500000	Euchromatin
ch12	500001	600000	Euchromatin
ch12	600001	700000	Euchromatin
ch12	700001	800000	Euchromatin
ch12	800001	900000	Euchromatin
ch12	900001	1000000	Euchromatin
ch12	1000001	1100000	Euchromatin
ch12	1100001	1200000	Euchromatin
ch12	1200001	1300000	Euchromatin
ch12	1300001	1400000	Euchromatin
ch12	1400001	1500000	Euchromatin
ch12	1500001	1600000	Euchromatin
ch12	1600001	1700000	Euchromatin
ch12	1700001	1800000	Euchromatin
ch12	1800001	1900000	Euchromatin
ch12	1900001	2000000	Euchromatin
ch12	2000001	2100000	Euchromatin
ch12	2100001	2200000	Euchromatin
ch12	2200001	2300000	Euchromatin
ch12	2300001	2400000	Euchromatin
ch12	2400001	2500000	Euchromatin
ch12	2500001	2600000	Euchromatin
ch12	2600001	2700000	Euchromatin
ch12	2700001	2800000	Euchromatin
ch12	2800001	2900000	Euchromatin
ch12	2900001	3000000	Euchromatin
ch12	3000001	3100000	Euchromatin
ch12	3100001	3200000	Euchromatin
ch12	3200001	3300000	Euchromatin
ch12	3300001	3400000	Euchromatin
ch12	3400001	3500000	Euchromatin
ch12	3500001	3600000	Euchromatin
ch12	3600001	3700000	Euchromatin
ch12	3700001	3800000	Euchromatin
ch12	3800001	3900000	Euchromatin
ch12	3900001	4000000	Euchromatin
ch12	4000001	4100000	Euchromatin
ch12	4100001	4200000	Euchromatin
ch12	4200001	4300000	Euchromatin
ch12	4300001	4400000	Euchromatin
ch12	4400001	4500000	Euchromatin
ch12	4500001	4600000	Euchromatin
ch12	4600001	4700000	Euchromatin
ch12	4700001	4800000	Euchromatin
ch12	4800001	4900000	Euchromatin
ch12	4900001	5000000	Euchromatin
ch12	5000001	5100000	Euchromatin
ch12	5100001	5200000	Euchromatin
ch12	5200001	5300000	Euchromatin
ch12	5300001	5400000	Heterochromatin
ch12	5400001	5500000	Euchromatin
ch12	5500001	5600000	Heterochromatin
ch12	5600001	5700000	Heterochromatin
ch12	5700001	5800000	Heterochromatin
ch12	5800001	5900000	Heterochromatin
ch12	5900001	6000000	Heterochromatin
ch12	6000001	6100000	Heterochromatin
ch12	6100001	6200000	Heterochromatin
ch12	6200001	6300000	Heterochromatin
ch12	6300001	6400000	Heterochromatin
ch12	6400001	6500000	Heterochromatin
ch12	6500001	6600000	Heterochromatin
ch12	6600001	6700000	Heterochromatin
ch12	6700001	6800000	Heterochromatin
ch12	6800001	6900000	Heterochromatin
ch12	6900001	7000000	Heterochromatin
ch12	7000001	7100000	Heterochromatin
ch12	7100001	7200000	Heterochromatin
ch12	7200001	7300000	Heterochromatin
ch12	7300001	7400000	Heterochromatin
ch12	7400001	7500000	Heterochromatin
ch12	7500001	7600000	Heterochromatin
ch12	7600001	7700000	Heterochromatin
ch12	7700001	7800000	Heterochromatin
ch12	7800001	7900000	Heterochromatin
ch12	7900001	8000000	Heterochromatin
ch12	8000001	8100000	Heterochromatin
ch12	8100001	8200000	Heterochromatin
ch12	8200001	8300000	Heterochromatin
ch12	8300001	8400000	Heterochromatin
ch12	8400001	8500000	Heterochromatin
ch12	8500001	8600000	Heterochromatin
ch12	8600001	8700000	Heterochromatin
ch12	8700001	8800000	Heterochromatin
ch12	8800001	8900000	Heterochromatin
ch12	8900001	9000000	Heterochromatin
ch12	9000001	9100000	Heterochromatin
ch12	9100001	9200000	Heterochromatin
ch12	9200001	9300000	Heterochromatin
ch12	9300001	9400000	Heterochromatin
ch12	9400001	9500000	Heterochromatin
ch12	9500001	9600000	Heterochromatin
ch12	9600001	9700000	Heterochromatin
ch12	9700001	9800000	Heterochromatin
ch12	9800001	9900000	Heterochromatin
ch12	9900001	10000000	Heterochromatin
ch12	10000001	10100000	Heterochromatin
ch12	10100001	10200000	Heterochromatin
ch12	10200001	10300000	Heterochromatin
ch12	10300001	10400000	Heterochromatin
ch12	10400001	10500000	Heterochromatin
ch12	10500001	10600000	Heterochromatin
ch12	10600001	10700000	Heterochromatin
ch12	10700001	10800000	Heterochromatin
ch12	10800001	10900000	Heterochromatin
ch12	10900001	11000000	Heterochromatin
ch12	11000001	11100000	Heterochromatin
ch12	11100001	11200000	Heterochromatin
ch12	11200001	11300000	Heterochromatin
ch12	11300001	11400000	Heterochromatin
ch12	11400001	11500000	Heterochromatin
ch12	11500001	11600000	Heterochromatin
ch12	11600001	11700000	Heterochromatin
ch12	11700001	11800000	Heterochromatin
ch12	11800001	11900000	Heterochromatin
ch12	11900001	12000000	Heterochromatin
ch12	12000001	12100000	Heterochromatin
ch12	12100001	12200000	Heterochromatin
ch12	12200001	12300000	Heterochromatin
ch12	12300001	12400000	Heterochromatin
ch12	12400001	12500000	Heterochromatin
ch12	12500001	12600000	Heterochromatin
ch12	12600001	12700000	Heterochromatin
ch12	12700001	12800000	Heterochromatin
ch12	12800001	12900000	Heterochromatin
ch12	12900001	13000000	Heterochromatin
ch12	13000001	13100000	Heterochromatin
ch12	13100001	13200000	Heterochromatin
ch12	13200001	13300000	Heterochromatin
ch12	13300001	13400000	Heterochromatin
ch12	13400001	13500000	Heterochromatin
ch12	13500001	13600000	Heterochromatin
ch12	13600001	13700000	Heterochromatin
ch12	13700001	13800000	Heterochromatin
ch12	13800001	13900000	Heterochromatin
ch12	13900001	14000000	Heterochromatin
ch12	14000001	14100000	Heterochromatin
ch12	14100001	14200000	Heterochromatin
ch12	14200001	14300000	Heterochromatin
ch12	14300001	14400000	Heterochromatin
ch12	14400001	14500000	Heterochromatin
ch12	14500001	14600000	Heterochromatin
ch12	14600001	14700000	Heterochromatin
ch12	14700001	14800000	Heterochromatin
ch12	14800001	14900000	Heterochromatin
ch12	14900001	15000000	Heterochromatin
ch12	15000001	15100000	Heterochromatin
ch12	15100001	15200000	Heterochromatin
ch12	15200001	15300000	Heterochromatin
ch12	15300001	15400000	Heterochromatin
ch12	15400001	15500000	Heterochromatin
ch12	15500001	15600000	Heterochromatin
ch12	15600001	15700000	Heterochromatin
ch12	15700001	15800000	Heterochromatin
ch12	15800001	15900000	Heterochromatin
ch12	15900001	16000000	Heterochromatin
ch12	16000001	16100000	Heterochromatin
ch12	16100001	16200000	Heterochromatin
ch12	16200001	16300000	Heterochromatin
ch12	16300001	16400000	Heterochromatin
ch12	16400001	16500000	Heterochromatin
ch12	16500001	16600000	Heterochromatin
ch12	16600001	16700000	Heterochromatin
ch12	16700001	16800000	Heterochromatin
ch12	16800001	16900000	Heterochromatin
ch12	16900001	17000000	Heterochromatin
ch12	17000001	17100000	Heterochromatin
ch12	17100001	17200000	Heterochromatin
ch12	17200001	17300000	Heterochromatin
ch12	17300001	17400000	Heterochromatin
ch12	17400001	17500000	Heterochromatin
ch12	17500001	17600000	Heterochromatin
ch12	17600001	17700000	Heterochromatin
ch12	17700001	17800000	Heterochromatin
ch12	17800001	17900000	Heterochromatin
ch12	17900001	18000000	Heterochromatin
ch12	18000001	18100000	Heterochromatin
ch12	18100001	18200000	Heterochromatin
ch12	18200001	18300000	Heterochromatin
ch12	18300001	18400000	Heterochromatin
ch12	18400001	18500000	Heterochromatin
ch12	18500001	18600000	Heterochromatin
ch12	18600001	18700000	Heterochromatin
ch12	18700001	18800000	Heterochromatin
ch12	18800001	18900000	Heterochromatin
ch12	18900001	19000000	Heterochromatin
ch12	19000001	19100000	Heterochromatin
ch12	19100001	19200000	Heterochromatin
ch12	19200001	19300000	Heterochromatin
ch12	19300001	19400000	Heterochromatin
ch12	19400001	19500000	Heterochromatin
ch12	19500001	19600000	Heterochromatin
ch12	19600001	19700000	Heterochromatin
ch12	19700001	19800000	Heterochromatin
ch12	19800001	19900000	Heterochromatin
ch12	19900001	20000000	Heterochromatin
ch12	20000001	20100000	Heterochromatin
ch12	20100001	20200000	Heterochromatin
ch12	20200001	20300000	Heterochromatin
ch12	20300001	20400000	Heterochromatin
ch12	20400001	20500000	Heterochromatin
ch12	20500001	20600000	Heterochromatin
ch12	20600001	20700000	Heterochromatin
ch12	20700001	20800000	Heterochromatin
ch12	20800001	20900000	Heterochromatin
ch12	20900001	21000000	Heterochromatin
ch12	21000001	21100000	Heterochromatin
ch12	21100001	21200000	Heterochromatin
ch12	21200001	21300000	Heterochromatin
ch12	21300001	21400000	Heterochromatin
ch12	21400001	21500000	Heterochromatin
ch12	21500001	21600000	Heterochromatin
ch12	21600001	21700000	Heterochromatin
ch12	21700001	21800000	Heterochromatin
ch12	21800001	21900000	Heterochromatin
ch12	21900001	22000000	Heterochromatin
ch12	22000001	22100000	Heterochromatin
ch12	22100001	22200000	Heterochromatin
ch12	22200001	22300000	Heterochromatin
ch12	22300001	22400000	Heterochromatin
ch12	22400001	22500000	Heterochromatin
ch12	22500001	22600000	Heterochromatin
ch12	22600001	22700000	Heterochromatin
ch12	22700001	22800000	Heterochromatin
ch12	22800001	22900000	Heterochromatin
ch12	22900001	23000000	Heterochromatin
ch12	23000001	23100000	Heterochromatin
ch12	23100001	23200000	Heterochromatin
ch12	23200001	23300000	Heterochromatin
ch12	23300001	23400000	Heterochromatin
ch12	23400001	23500000	Heterochromatin
ch12	23500001	23600000	Heterochromatin
ch12	23600001	23700000	Heterochromatin
ch12	23700001	23800000	Heterochromatin
ch12	23800001	23900000	Heterochromatin
ch12	23900001	24000000	Heterochromatin
ch12	24000001	24100000	Heterochromatin
ch12	24100001	24200000	Heterochromatin
ch12	24200001	24300000	Heterochromatin
ch12	24300001	24400000	Heterochromatin
ch12	24400001	24500000	Heterochromatin
ch12	24500001	24600000	Heterochromatin
ch12	24600001	24700000	Heterochromatin
ch12	24700001	24800000	Heterochromatin
ch12	24800001	24900000	Heterochromatin
ch12	24900001	25000000	Heterochromatin
ch12	25000001	25100000	Heterochromatin
ch12	25100001	25200000	Heterochromatin
ch12	25200001	25300000	Heterochromatin
ch12	25300001	25400000	Heterochromatin
ch12	25400001	25500000	Heterochromatin
ch12	25500001	25600000	Heterochromatin
ch12	25600001	25700000	Heterochromatin
ch12	25700001	25800000	Heterochromatin
ch12	25800001	25900000	Heterochromatin
ch12	25900001	26000000	Heterochromatin
ch12	26000001	26100000	Heterochromatin
ch12	26100001	26200000	Heterochromatin
ch12	26200001	26300000	Heterochromatin
ch12	26300001	26400000	Heterochromatin
ch12	26400001	26500000	Heterochromatin
ch12	26500001	26600000	Heterochromatin
ch12	26600001	26700000	Heterochromatin
ch12	26700001	26800000	Heterochromatin
ch12	26800001	26900000	Heterochromatin
ch12	26900001	27000000	Heterochromatin
ch12	27000001	27100000	Heterochromatin
ch12	27100001	27200000	Heterochromatin
ch12	27200001	27300000	Heterochromatin
ch12	27300001	27400000	Heterochromatin
ch12	27400001	27500000	Heterochromatin
ch12	27500001	27600000	Heterochromatin
ch12	27600001	27700000	Heterochromatin
ch12	27700001	27800000	Heterochromatin
ch12	27800001	27900000	Heterochromatin
ch12	27900001	28000000	Heterochromatin
ch12	28000001	28100000	Heterochromatin
ch12	28100001	28200000	Heterochromatin
ch12	28200001	28300000	Heterochromatin
ch12	28300001	28400000	Heterochromatin
ch12	28400001	28500000	Heterochromatin
ch12	28500001	28600000	Heterochromatin
ch12	28600001	28700000	Heterochromatin
ch12	28700001	28800000	Heterochromatin
ch12	28800001	28900000	Heterochromatin
ch12	28900001	29000000	Heterochromatin
ch12	29000001	29100000	Heterochromatin
ch12	29100001	29200000	Heterochromatin
ch12	29200001	29300000	Heterochromatin
ch12	29300001	29400000	Heterochromatin
ch12	29400001	29500000	Heterochromatin
ch12	29500001	29600000	Heterochromatin
ch12	29600001	29700000	Heterochromatin
ch12	29700001	29800000	Heterochromatin
ch12	29800001	29900000	Heterochromatin
ch12	29900001	30000000	Heterochromatin
ch12	30000001	30100000	Heterochromatin
ch12	30100001	30200000	Heterochromatin
ch12	30200001	30300000	Heterochromatin
ch12	30300001	30400000	Heterochromatin
ch12	30400001	30500000	Heterochromatin
ch12	30500001	30600000	Heterochromatin
ch12	30600001	30700000	Heterochromatin
ch12	30700001	30800000	Heterochromatin
ch12	30800001	30900000	Heterochromatin
ch12	30900001	31000000	Heterochromatin
ch12	31000001	31100000	Heterochromatin
ch12	31100001	31200000	Heterochromatin
ch12	31200001	31300000	Heterochromatin
ch12	31300001	31400000	Heterochromatin
ch12	31400001	31500000	Heterochromatin
ch12	31500001	31600000	Heterochromatin
ch12	31600001	31700000	Heterochromatin
ch12	31700001	31800000	Heterochromatin
ch12	31800001	31900000	Heterochromatin
ch12	31900001	32000000	Heterochromatin
ch12	32000001	32100000	Heterochromatin
ch12	32100001	32200000	Heterochromatin
ch12	32200001	32300000	Heterochromatin
ch12	32300001	32400000	Heterochromatin
ch12	32400001	32500000	Heterochromatin
ch12	32500001	32600000	Heterochromatin
ch12	32600001	32700000	Heterochromatin
ch12	32700001	32800000	Heterochromatin
ch12	32800001	32900000	Heterochromatin
ch12	32900001	33000000	Heterochromatin
ch12	33000001	33100000	Heterochromatin
ch12	33100001	33200000	Heterochromatin
ch12	33200001	33300000	Heterochromatin
ch12	33300001	33400000	Heterochromatin
ch12	33400001	33500000	Heterochromatin
ch12	33500001	33600000	Heterochromatin
ch12	33600001	33700000	Heterochromatin
ch12	33700001	33800000	Heterochromatin
ch12	33800001	33900000	Heterochromatin
ch12	33900001	34000000	Heterochromatin
ch12	34000001	34100000	Heterochromatin
ch12	34100001	34200000	Heterochromatin
ch12	34200001	34300000	Heterochromatin
ch12	34300001	34400000	Heterochromatin
ch12	34400001	34500000	Heterochromatin
ch12	34500001	34600000	Heterochromatin
ch12	34600001	34700000	Heterochromatin
ch12	34700001	34800000	Heterochromatin
ch12	34800001	34900000	Heterochromatin
ch12	34900001	35000000	Heterochromatin
ch12	35000001	35100000	Heterochromatin
ch12	35100001	35200000	Heterochromatin
ch12	35200001	35300000	Heterochromatin
ch12	35300001	35400000	Heterochromatin
ch12	35400001	35500000	Heterochromatin
ch12	35500001	35600000	Heterochromatin
ch12	35600001	35700000	Heterochromatin
ch12	35700001	35800000	Heterochromatin
ch12	35800001	35900000	Heterochromatin
ch12	35900001	36000000	Heterochromatin
ch12	36000001	36100000	Heterochromatin
ch12	36100001	36200000	Heterochromatin
ch12	36200001	36300000	Heterochromatin
ch12	36300001	36400000	Heterochromatin
ch12	36400001	36500000	Heterochromatin
ch12	36500001	36600000	Heterochromatin
ch12	36600001	36700000	Heterochromatin
ch12	36700001	36800000	Heterochromatin
ch12	36800001	36900000	Heterochromatin
ch12	36900001	37000000	Heterochromatin
ch12	37000001	37100000	Heterochromatin
ch12	37100001	37200000	Heterochromatin
ch12	37200001	37300000	Heterochromatin
ch12	37300001	37400000	Heterochromatin
ch12	37400001	37500000	Heterochromatin
ch12	37500001	37600000	Heterochromatin
ch12	37600001	37700000	Heterochromatin
ch12	37700001	37800000	Heterochromatin
ch12	37800001	37900000	Heterochromatin
ch12	37900001	38000000	Heterochromatin
ch12	38000001	38100000	Heterochromatin
ch12	38100001	38200000	Heterochromatin
ch12	38200001	38300000	Heterochromatin
ch12	38300001	38400000	Heterochromatin
ch12	38400001	38500000	Heterochromatin
ch12	38500001	38600000	Heterochromatin
ch12	38600001	38700000	Heterochromatin
ch12	38700001	38800000	Heterochromatin
ch12	38800001	38900000	Heterochromatin
ch12	38900001	39000000	Heterochromatin
ch12	39000001	39100000	Heterochromatin
ch12	39100001	39200000	Heterochromatin
ch12	39200001	39300000	Heterochromatin
ch12	39300001	39400000	Heterochromatin
ch12	39400001	39500000	Heterochromatin
ch12	39500001	39600000	Heterochromatin
ch12	39600001	39700000	Heterochromatin
ch12	39700001	39800000	Heterochromatin
ch12	39800001	39900000	Heterochromatin
ch12	39900001	40000000	Heterochromatin
ch12	40000001	40100000	Heterochromatin
ch12	40100001	40200000	Heterochromatin
ch12	40200001	40300000	Heterochromatin
ch12	40300001	40400000	Heterochromatin
ch12	40400001	40500000	Heterochromatin
ch12	40500001	40600000	Heterochromatin
ch12	40600001	40700000	Heterochromatin
ch12	40700001	40800000	Heterochromatin
ch12	40800001	40900000	Heterochromatin
ch12	40900001	41000000	Heterochromatin
ch12	41000001	41100000	Heterochromatin
ch12	41100001	41200000	Heterochromatin
ch12	41200001	41300000	Heterochromatin
ch12	41300001	41400000	Heterochromatin
ch12	41400001	41500000	Heterochromatin
ch12	41500001	41600000	Heterochromatin
ch12	41600001	41700000	Heterochromatin
ch12	41700001	41800000	Heterochromatin
ch12	41800001	41900000	Heterochromatin
ch12	41900001	42000000	Heterochromatin
ch12	42000001	42100000	Heterochromatin
ch12	42100001	42200000	Heterochromatin
ch12	42200001	42300000	Heterochromatin
ch12	42300001	42400000	Heterochromatin
ch12	42400001	42500000	Heterochromatin
ch12	42500001	42600000	Heterochromatin
ch12	42600001	42700000	Heterochromatin
ch12	42700001	42800000	Heterochromatin
ch12	42800001	42900000	Heterochromatin
ch12	42900001	43000000	Heterochromatin
ch12	43000001	43100000	Heterochromatin
ch12	43100001	43200000	Heterochromatin
ch12	43200001	43300000	Heterochromatin
ch12	43300001	43400000	Heterochromatin
ch12	43400001	43500000	Heterochromatin
ch12	43500001	43600000	Heterochromatin
ch12	43600001	43700000	Heterochromatin
ch12	43700001	43800000	Heterochromatin
ch12	43800001	43900000	Heterochromatin
ch12	43900001	44000000	Heterochromatin
ch12	44000001	44100000	Heterochromatin
ch12	44100001	44200000	Heterochromatin
ch12	44200001	44300000	Heterochromatin
ch12	44300001	44400000	Heterochromatin
ch12	44400001	44500000	Heterochromatin
ch12	44500001	44600000	Heterochromatin
ch12	44600001	44700000	Heterochromatin
ch12	44700001	44800000	Heterochromatin
ch12	44800001	44900000	Heterochromatin
ch12	44900001	45000000	Heterochromatin
ch12	45000001	45100000	Heterochromatin
ch12	45100001	45200000	Heterochromatin
ch12	45200001	45300000	Heterochromatin
ch12	45300001	45400000	Heterochromatin
ch12	45400001	45500000	Heterochromatin
ch12	45500001	45600000	Heterochromatin
ch12	45600001	45700000	Heterochromatin
ch12	45700001	45800000	Heterochromatin
ch12	45800001	45900000	Heterochromatin
ch12	45900001	46000000	Heterochromatin
ch12	46000001	46100000	Heterochromatin
ch12	46100001	46200000	Heterochromatin
ch12	46200001	46300000	Heterochromatin
ch12	46300001	46400000	Heterochromatin
ch12	46400001	46500000	Heterochromatin
ch12	46500001	46600000	Heterochromatin
ch12	46600001	46700000	Heterochromatin
ch12	46700001	46800000	Heterochromatin
ch12	46800001	46900000	Heterochromatin
ch12	46900001	47000000	Heterochromatin
ch12	47000001	47100000	Heterochromatin
ch12	47100001	47200000	Heterochromatin
ch12	47200001	47300000	Heterochromatin
ch12	47300001	47400000	Heterochromatin
ch12	47400001	47500000	Heterochromatin
ch12	47500001	47600000	Heterochromatin
ch12	47600001	47700000	Heterochromatin
ch12	47700001	47800000	Heterochromatin
ch12	47800001	47900000	Heterochromatin
ch12	47900001	48000000	Heterochromatin
ch12	48000001	48100000	Heterochromatin
ch12	48100001	48200000	Heterochromatin
ch12	48200001	48300000	Heterochromatin
ch12	48300001	48400000	Heterochromatin
ch12	48400001	48500000	Heterochromatin
ch12	48500001	48600000	Heterochromatin
ch12	48600001	48700000	Heterochromatin
ch12	48700001	48800000	Heterochromatin
ch12	48800001	48900000	Heterochromatin
ch12	48900001	49000000	Heterochromatin
ch12	49000001	49100000	Heterochromatin
ch12	49100001	49200000	Heterochromatin
ch12	49200001	49300000	Heterochromatin
ch12	49300001	49400000	Heterochromatin
ch12	49400001	49500000	Heterochromatin
ch12	49500001	49600000	Heterochromatin
ch12	49600001	49700000	Heterochromatin
ch12	49700001	49800000	Heterochromatin
ch12	49800001	49900000	Heterochromatin
ch12	49900001	50000000	Heterochromatin
ch12	50000001	50100000	Heterochromatin
ch12	50100001	50200000	Heterochromatin
ch12	50200001	50300000	Heterochromatin
ch12	50300001	50400000	Heterochromatin
ch12	50400001	50500000	Heterochromatin
ch12	50500001	50600000	Heterochromatin
ch12	50600001	50700000	Heterochromatin
ch12	50700001	50800000	Heterochromatin
ch12	50800001	50900000	Heterochromatin
ch12	50900001	51000000	Heterochromatin
ch12	51000001	51100000	Heterochromatin
ch12	51100001	51200000	Heterochromatin
ch12	51200001	51300000	Heterochromatin
ch12	51300001	51400000	Heterochromatin
ch12	51400001	51500000	Heterochromatin
ch12	51500001	51600000	Heterochromatin
ch12	51600001	51700000	Heterochromatin
ch12	51700001	51800000	Heterochromatin
ch12	51800001	51900000	Heterochromatin
ch12	51900001	52000000	Heterochromatin
ch12	52000001	52100000	Heterochromatin
ch12	52100001	52200000	Heterochromatin
ch12	52200001	52300000	Heterochromatin
ch12	52300001	52400000	Heterochromatin
ch12	52400001	52500000	Heterochromatin
ch12	52500001	52600000	Heterochromatin
ch12	52600001	52700000	Heterochromatin
ch12	52700001	52800000	Heterochromatin
ch12	52800001	52900000	Heterochromatin
ch12	52900001	53000000	Heterochromatin
ch12	53000001	53100000	Heterochromatin
ch12	53100001	53200000	Heterochromatin
ch12	53200001	53300000	Heterochromatin
ch12	53300001	53400000	Heterochromatin
ch12	53400001	53500000	Heterochromatin
ch12	53500001	53600000	Heterochromatin
ch12	53600001	53700000	Heterochromatin
ch12	53700001	53800000	Heterochromatin
ch12	53800001	53900000	Heterochromatin
ch12	53900001	54000000	Heterochromatin
ch12	54000001	54100000	Heterochromatin
ch12	54100001	54200000	Heterochromatin
ch12	54200001	54300000	Heterochromatin
ch12	54300001	54400000	Heterochromatin
ch12	54400001	54500000	Heterochromatin
ch12	54500001	54600000	Heterochromatin
ch12	54600001	54700000	Heterochromatin
ch12	54700001	54800000	Heterochromatin
ch12	54800001	54900000	Heterochromatin
ch12	54900001	55000000	Heterochromatin
ch12	55000001	55100000	Heterochromatin
ch12	55100001	55200000	Heterochromatin
ch12	55200001	55300000	Heterochromatin
ch12	55300001	55400000	Heterochromatin
ch12	55400001	55500000	Heterochromatin
ch12	55500001	55600000	Heterochromatin
ch12	55600001	55700000	Heterochromatin
ch12	55700001	55800000	Heterochromatin
ch12	55800001	55900000	Heterochromatin
ch12	55900001	56000000	Heterochromatin
ch12	56000001	56100000	Heterochromatin
ch12	56100001	56200000	Heterochromatin
ch12	56200001	56300000	Heterochromatin
ch12	56300001	56400000	Heterochromatin
ch12	56400001	56500000	Heterochromatin
ch12	56500001	56600000	Heterochromatin
ch12	56600001	56700000	Heterochromatin
ch12	56700001	56800000	Heterochromatin
ch12	56800001	56900000	Heterochromatin
ch12	56900001	57000000	Heterochromatin
ch12	57000001	57100000	Heterochromatin
ch12	57100001	57200000	Heterochromatin
ch12	57200001	57300000	Heterochromatin
ch12	57300001	57400000	Heterochromatin
ch12	57400001	57500000	Heterochromatin
ch12	57500001	57600000	Heterochromatin
ch12	57600001	57700000	Heterochromatin
ch12	57700001	57800000	Heterochromatin
ch12	57800001	57900000	Heterochromatin
ch12	57900001	58000000	Heterochromatin
ch12	58000001	58100000	Heterochromatin
ch12	58100001	58200000	Heterochromatin
ch12	58200001	58300000	Heterochromatin
ch12	58300001	58400000	Heterochromatin
ch12	58400001	58500000	Heterochromatin
ch12	58500001	58600000	Heterochromatin
ch12	58600001	58700000	Heterochromatin
ch12	58700001	58800000	Heterochromatin
ch12	58800001	58900000	Heterochromatin
ch12	58900001	59000000	Heterochromatin
ch12	59000001	59100000	Heterochromatin
ch12	59100001	59200000	Heterochromatin
ch12	59200001	59300000	Heterochromatin
ch12	59300001	59400000	Heterochromatin
ch12	59400001	59500000	Heterochromatin
ch12	59500001	59600000	Heterochromatin
ch12	59600001	59700000	Heterochromatin
ch12	59700001	59800000	Heterochromatin
ch12	59800001	59900000	Heterochromatin
ch12	59900001	60000000	Heterochromatin
ch12	60000001	60100000	Heterochromatin
ch12	60100001	60200000	Heterochromatin
ch12	60200001	60300000	Heterochromatin
ch12	60300001	60400000	Heterochromatin
ch12	60400001	60500000	Heterochromatin
ch12	60500001	60600000	Heterochromatin
ch12	60600001	60700000	Heterochromatin
ch12	60700001	60800000	Heterochromatin
ch12	60800001	60900000	Heterochromatin
ch12	60900001	61000000	Heterochromatin
ch12	61000001	61100000	Heterochromatin
ch12	61100001	61200000	Heterochromatin
ch12	61200001	61300000	Heterochromatin
ch12	61300001	61400000	Heterochromatin
ch12	61400001	61500000	Heterochromatin
ch12	61500001	61600000	Heterochromatin
ch12	61600001	61700000	Euchromatin
ch12	61700001	61800000	Euchromatin
ch12	61800001	61900000	Euchromatin
ch12	61900001	62000000	Euchromatin
ch12	62000001	62100000	Euchromatin
ch12	62100001	62200000	Euchromatin
ch12	62200001	62300000	Euchromatin
ch12	62300001	62400000	Euchromatin
ch12	62400001	62500000	Euchromatin
ch12	62500001	62600000	Euchromatin
ch12	62600001	62700000	Euchromatin
ch12	62700001	62800000	Euchromatin
ch12	62800001	62900000	Euchromatin
ch12	62900001	63000000	Euchromatin
ch12	63000001	63100000	Euchromatin
ch12	63100001	63200000	Euchromatin
ch12	63200001	63300000	Euchromatin
ch12	63300001	63400000	Euchromatin
ch12	63400001	63500000	Euchromatin
ch12	63500001	63600000	Euchromatin
ch12	63600001	63700000	Euchromatin
ch12	63700001	63800000	Euchromatin
ch12	63800001	63900000	Euchromatin
ch12	63900001	64000000	Euchromatin
ch12	64000001	64100000	Euchromatin
ch12	64100001	64200000	Euchromatin
ch12	64200001	64300000	Euchromatin
ch12	64300001	64400000	Euchromatin
ch12	64400001	64500000	Euchromatin
ch12	64500001	64600000	Euchromatin
ch12	64600001	64700000	Euchromatin
ch12	64700001	64800000	Euchromatin
ch12	64800001	64900000	Euchromatin
ch12	64900001	65000000	Euchromatin
ch12	65000001	65100000	Euchromatin
ch12	65100001	65200000	Euchromatin
ch12	65200001	65300000	Euchromatin
ch12	65300001	65400000	Euchromatin
ch12	65400001	65500000	Euchromatin
ch12	65500001	65600000	Euchromatin
ch12	65600001	65700000	Euchromatin
ch12	65700001	65800000	Euchromatin
ch12	65800001	65900000	Euchromatin
ch12	65900001	66000000	Euchromatin
ch12	66000001	66100000	Euchromatin
ch12	66100001	66200000	Euchromatin
ch12	66200001	66300000	Euchromatin
ch12	66300001	66400000	Euchromatin
ch12	66400001	66500000	Euchromatin
ch12	66500001	66600000	Euchromatin
ch12	66600001	66688036	Euchromatin
